customer_id,group,pre_spend,post_spend,redeemed_offer
1,control,9870.0,10051.0,0
2,control,37741.0,65718.0,0
3,control,49183.0,55538.0,0
4,control,24109.0,18686.0,0
5,treatment,34085.0,23116.0,0
6,treatment,27423.0,29516.0,1
7,control,20383.0,19303.0,0
8,control,19591.0,27086.0,0
9,control,27897.0,21974.0,0
10,control,6720.0,8979.0,0
11,treatment,15837.0,14336.0,1
12,control,20330.0,27695.0,0
13,control,26108.0,27555.0,0
14,control,22578.0,20448.0,0
15,treatment,21416.0,25143.0,0
16,treatment,79504.0,83009.0,1
17,control,21877.0,20597.0,0
18,treatment,31192.0,24746.0,1
19,control,15428.0,14255.0,0
20,treatment,15891.0,18110.0,1
21,control,25611.0,40306.0,0
22,control,23850.0,44658.0,0
23,treatment,48118.0,67385.0,0
24,control,9215.0,9811.0,0
25,control,6190.0,5948.0,0
26,control,28486.0,18831.0,0
27,treatment,8769.0,11559.0,1
28,control,30557.0,22388.0,0
29,treatment,14170.0,20472.0,0
30,treatment,32802.0,28322.0,1
31,treatment,13666.0,15233.0,0
32,treatment,20343.0,14473.0,0
33,control,7504.0,6302.0,0
34,control,6960.0,4344.0,0
35,control,8560.0,8794.0,0
36,treatment,25438.0,35354.0,0
37,control,10209.0,12605.0,0
38,treatment,18337.0,16806.0,1
39,control,28609.0,40563.0,0
40,treatment,32707.0,45499.0,0
41,treatment,16157.0,13265.0,1
42,control,10380.0,14689.0,0
43,control,7185.0,5708.0,0
44,control,11950.0,20645.0,0
45,treatment,11744.0,13808.0,0
46,control,30819.0,36961.0,0
47,treatment,27301.0,32842.0,0
48,treatment,34276.0,36726.0,0
49,control,35985.0,38096.0,0
50,control,18741.0,18392.0,0
51,treatment,14381.0,12289.0,0
52,treatment,19730.0,13995.0,0
53,treatment,7797.0,6663.0,0
54,treatment,15754.0,17757.0,1
55,control,47242.0,61631.0,0
56,treatment,24571.0,31636.0,0
57,control,117866.0,149575.0,0
58,treatment,8866.0,9964.0,0
59,treatment,16767.0,16660.0,0
60,control,9468.0,12791.0,0
61,control,14502.0,13314.0,0
62,control,18838.0,15627.0,0
63,control,19610.0,23616.0,0
64,treatment,19861.0,26267.0,0
65,treatment,13872.0,19304.0,0
66,treatment,17179.0,24472.0,0
67,treatment,7696.0,7409.0,1
68,treatment,18150.0,23913.0,0
69,control,24597.0,24719.0,0
70,control,12045.0,16639.0,0
71,control,26888.0,24665.0,0
72,treatment,15213.0,13198.0,1
73,treatment,19776.0,15137.0,1
74,control,7691.0,8292.0,0
75,treatment,19613.0,28646.0,0
76,treatment,19369.0,21886.0,1
77,control,28908.0,20947.0,0
78,treatment,45426.0,47240.0,0
79,treatment,7839.0,7776.0,0
80,treatment,21015.0,26905.0,0
81,treatment,37777.0,26034.0,0
82,treatment,18864.0,24200.0,1
83,treatment,9225.0,5620.0,0
84,control,14362.0,11617.0,0
85,control,31393.0,27645.0,0
86,control,25868.0,43605.0,0
87,control,15757.0,23734.0,0
88,treatment,7222.0,5025.0,0
89,treatment,25487.0,33054.0,0
90,treatment,6735.0,8043.0,0
91,control,16920.0,16788.0,0
92,treatment,17995.0,17876.0,0
93,treatment,7478.0,6230.0,0
94,treatment,17134.0,13864.0,0
95,control,34958.0,40643.0,0
96,treatment,17402.0,22617.0,1
97,control,14097.0,14394.0,0
98,control,8437.0,4782.0,0
99,treatment,43232.0,79065.0,0
100,control,30525.0,40152.0,0
101,treatment,8972.0,8394.0,0
102,treatment,11065.0,10921.0,0
103,treatment,15993.0,13898.0,0
104,treatment,19811.0,21071.0,1
105,control,11077.0,8586.0,0
106,treatment,26183.0,30888.0,0
107,treatment,7358.0,4100.0,0
108,control,6816.0,6188.0,0
109,treatment,6665.0,7342.0,0
110,treatment,14328.0,20447.0,0
111,treatment,52326.0,49411.0,1
112,treatment,87837.0,86330.0,0
113,control,12804.0,12243.0,0
114,treatment,8411.0,12469.0,0
115,treatment,20557.0,18216.0,0
116,control,13471.0,12762.0,0
117,treatment,7290.0,8139.0,0
118,control,11607.0,8099.0,0
119,control,50877.0,73969.0,0
120,treatment,16635.0,22412.0,0
121,control,13672.0,12720.0,0
122,treatment,19603.0,39124.0,1
123,control,24390.0,22797.0,0
124,control,18802.0,21825.0,0
125,treatment,22642.0,23822.0,1
126,control,24984.0,23724.0,0
127,control,70344.0,82063.0,0
128,treatment,18737.0,18800.0,1
129,treatment,36016.0,37757.0,0
130,control,77537.0,59031.0,0
131,treatment,26361.0,22754.0,0
132,control,8656.0,8866.0,0
133,treatment,13163.0,12465.0,0
134,treatment,30933.0,30592.0,0
135,treatment,18129.0,14919.0,1
136,control,33087.0,42110.0,0
137,treatment,9360.0,9579.0,0
138,control,13315.0,14341.0,0
139,treatment,67646.0,68258.0,1
140,control,9379.0,6538.0,0
141,treatment,12213.0,14502.0,1
142,treatment,14476.0,11729.0,0
143,control,9795.0,8996.0,0
144,treatment,25442.0,30831.0,1
145,treatment,18535.0,35793.0,0
146,control,24482.0,24544.0,0
147,treatment,11304.0,10834.0,0
148,treatment,7846.0,8803.0,0
149,control,30124.0,26298.0,0
150,control,10677.0,11595.0,0
151,control,28022.0,27404.0,0
152,treatment,31593.0,32655.0,0
153,treatment,53815.0,44752.0,0
154,control,12768.0,9590.0,0
155,treatment,54854.0,50399.0,1
156,treatment,17198.0,20070.0,0
157,control,30330.0,30081.0,0
158,treatment,14305.0,9812.0,1
159,treatment,34380.0,44311.0,0
160,treatment,13346.0,9585.0,1
161,treatment,13214.0,9690.0,0
162,control,15478.0,13964.0,0
163,control,12133.0,14501.0,0
164,treatment,13309.0,19837.0,1
165,treatment,37122.0,46990.0,0
166,treatment,20970.0,21170.0,0
167,treatment,20946.0,18319.0,0
168,control,14619.0,10617.0,0
169,control,87692.0,84782.0,0
170,control,28906.0,30819.0,0
171,treatment,8649.0,4844.0,0
172,control,41613.0,42338.0,0
173,control,19557.0,12865.0,0
174,control,10469.0,13146.0,0
175,control,21745.0,19071.0,0
176,treatment,17721.0,26234.0,0
177,treatment,14711.0,22130.0,0
178,treatment,7123.0,7721.0,0
179,control,15675.0,12500.0,0
180,control,35729.0,46386.0,0
181,treatment,16640.0,19042.0,0
182,treatment,8571.0,16519.0,0
183,treatment,29117.0,30325.0,1
184,control,30231.0,39298.0,0
185,control,61653.0,59106.0,0
186,treatment,7112.0,8362.0,0
187,treatment,82851.0,136009.0,0
188,treatment,21698.0,19383.0,0
189,treatment,59454.0,53320.0,1
190,treatment,11728.0,11957.0,0
191,treatment,8201.0,7544.0,1
192,control,10534.0,10128.0,0
193,control,13439.0,9843.0,0
194,treatment,19469.0,21367.0,1
195,control,26980.0,26852.0,0
196,control,29590.0,29231.0,0
197,control,10702.0,13610.0,0
198,treatment,26880.0,20995.0,0
199,control,11220.0,13083.0,0
200,treatment,7412.0,6400.0,1
201,control,26964.0,30848.0,0
202,control,15217.0,11769.0,0
203,treatment,30439.0,42633.0,0
204,control,26224.0,21885.0,0
205,treatment,4134.0,3938.0,0
206,control,25877.0,29485.0,0
207,control,15003.0,12922.0,0
208,control,9118.0,11669.0,0
209,treatment,9274.0,9615.0,0
210,control,26391.0,18625.0,0
211,control,9974.0,8473.0,0
212,control,9406.0,9212.0,0
213,treatment,27636.0,32505.0,1
214,treatment,6047.0,8080.0,0
215,control,18767.0,21266.0,0
216,control,22400.0,25535.0,0
217,treatment,36049.0,39140.0,1
218,control,27149.0,24436.0,0
219,control,38863.0,52552.0,0
220,treatment,23836.0,26293.0,0
221,control,26978.0,28209.0,0
222,treatment,30991.0,27387.0,0
223,treatment,10905.0,11591.0,0
224,control,16320.0,13332.0,0
225,control,47625.0,50205.0,0
226,control,4691.0,5142.0,0
227,control,41598.0,58181.0,0
228,treatment,9189.0,14433.0,0
229,control,14484.0,12854.0,0
230,treatment,42249.0,25977.0,0
231,treatment,24256.0,22514.0,0
232,control,36953.0,31995.0,0
233,control,39984.0,28831.0,0
234,control,17374.0,22119.0,0
235,control,20006.0,15240.0,0
236,control,36288.0,32488.0,0
237,treatment,21850.0,32328.0,0
238,treatment,53211.0,86461.0,0
239,treatment,9330.0,6402.0,0
240,treatment,11313.0,15143.0,0
241,control,58473.0,86982.0,0
242,treatment,16940.0,17437.0,1
243,control,11821.0,7435.0,0
244,treatment,24517.0,34924.0,0
245,control,24984.0,25689.0,0
246,control,14279.0,12758.0,0
247,treatment,24141.0,20503.0,0
248,treatment,22798.0,26203.0,0
249,control,27139.0,20752.0,0
250,treatment,7746.0,10607.0,0
251,control,17286.0,17459.0,0
252,treatment,13473.0,14402.0,1
253,control,41257.0,34976.0,0
254,treatment,19360.0,25590.0,0
255,control,10806.0,10762.0,0
256,control,92585.0,82492.0,0
257,treatment,10841.0,10648.0,0
258,control,20507.0,23203.0,0
259,control,16640.0,26024.0,0
260,treatment,4468.0,6111.0,0
261,treatment,25802.0,21419.0,1
262,control,36890.0,61418.0,0
263,control,50258.0,55024.0,0
264,treatment,27733.0,63325.0,0
265,control,36655.0,35410.0,0
266,treatment,8028.0,6186.0,0
267,control,5845.0,9563.0,0
268,control,10479.0,12607.0,0
269,control,10206.0,8165.0,0
270,treatment,11681.0,11841.0,0
271,treatment,35233.0,31010.0,0
272,control,24702.0,25477.0,0
273,treatment,52034.0,55104.0,0
274,treatment,32640.0,32098.0,0
275,control,29904.0,26273.0,0
276,control,41101.0,41111.0,0
277,treatment,7804.0,7133.0,1
278,treatment,29233.0,37295.0,1
279,control,10178.0,10154.0,0
280,treatment,5597.0,5953.0,0
281,control,31728.0,24854.0,0
282,control,10459.0,7627.0,0
283,control,21903.0,13198.0,0
284,treatment,16703.0,14244.0,1
285,control,16372.0,13384.0,0
286,control,31422.0,45473.0,0
287,control,22634.0,19052.0,0
288,control,20782.0,31720.0,0
289,control,11670.0,13390.0,0
290,treatment,8215.0,10434.0,0
291,control,10798.0,12861.0,0
292,treatment,13489.0,10041.0,1
293,treatment,11391.0,10112.0,0
294,treatment,7141.0,7687.0,1
295,control,25667.0,25833.0,0
296,control,6629.0,4744.0,0
297,treatment,15816.0,18862.0,0
298,treatment,18746.0,25396.0,1
299,control,9443.0,11785.0,0
300,treatment,26972.0,41513.0,0
301,treatment,55895.0,44815.0,0
302,control,46180.0,54186.0,0
303,treatment,21286.0,32059.0,0
304,treatment,21893.0,17155.0,1
305,treatment,5773.0,3686.0,0
306,control,26683.0,23195.0,0
307,treatment,14594.0,15037.0,1
308,control,29922.0,34930.0,0
309,treatment,40791.0,42872.0,1
310,control,15011.0,16395.0,0
311,treatment,43894.0,42848.0,0
312,treatment,9133.0,11523.0,1
313,control,19770.0,25712.0,0
314,treatment,48406.0,58284.0,0
315,treatment,32714.0,41676.0,0
316,control,13041.0,14426.0,0
317,control,10255.0,7133.0,0
318,treatment,39589.0,46013.0,1
319,treatment,15650.0,13402.0,0
320,treatment,11224.0,12715.0,1
321,control,24176.0,33927.0,0
322,treatment,8037.0,8597.0,0
323,control,22201.0,31637.0,0
324,control,19470.0,21112.0,0
325,control,14887.0,17805.0,0
326,treatment,40883.0,35982.0,0
327,control,26040.0,33425.0,0
328,treatment,41849.0,48821.0,1
329,treatment,18982.0,17122.0,0
330,control,110653.0,90880.0,0
331,treatment,24884.0,20179.0,0
332,treatment,10879.0,11511.0,0
333,treatment,20283.0,18331.0,1
334,control,23528.0,17448.0,0
335,control,12146.0,14621.0,0
336,control,21949.0,24619.0,0
337,control,5019.0,6068.0,0
338,control,21897.0,19610.0,0
339,control,12260.0,8347.0,0
340,control,15552.0,20198.0,0
341,control,15876.0,21461.0,0
342,control,79895.0,97211.0,0
343,treatment,20064.0,23476.0,1
344,treatment,8628.0,15097.0,1
345,treatment,18157.0,27365.0,1
346,control,16302.0,11313.0,0
347,control,4596.0,5065.0,0
348,treatment,36318.0,34965.0,0
349,control,16558.0,11402.0,0
350,treatment,35818.0,58091.0,0
351,control,30241.0,31092.0,0
352,treatment,7691.0,6082.0,0
353,control,9367.0,7836.0,0
354,treatment,9247.0,10343.0,0
355,control,12609.0,9234.0,0
356,treatment,20047.0,13085.0,0
357,treatment,5391.0,10047.0,0
358,treatment,12194.0,22303.0,0
359,control,18920.0,42773.0,0
360,treatment,25020.0,28026.0,1
361,control,46079.0,35039.0,0
362,control,48085.0,51257.0,0
363,control,11122.0,11464.0,0
364,treatment,19995.0,27818.0,0
365,treatment,14650.0,24600.0,1
366,treatment,6525.0,6024.0,1
367,treatment,18367.0,19328.0,1
368,treatment,15140.0,15918.0,0
369,treatment,23362.0,16416.0,0
370,treatment,39691.0,27879.0,0
371,control,23488.0,31666.0,0
372,treatment,19879.0,16917.0,0
373,control,39819.0,29996.0,0
374,control,15461.0,14147.0,0
375,control,9738.0,10986.0,0
376,treatment,15328.0,14695.0,0
377,treatment,11544.0,7149.0,0
378,control,9914.0,8811.0,0
379,treatment,38096.0,21653.0,0
380,control,19105.0,34350.0,0
381,control,29882.0,19479.0,0
382,treatment,9402.0,8188.0,0
383,treatment,26984.0,34738.0,1
384,treatment,37728.0,40299.0,0
385,control,41865.0,40649.0,0
386,control,19393.0,23329.0,0
387,control,45904.0,30902.0,0
388,treatment,34983.0,53969.0,0
389,treatment,39975.0,52933.0,0
390,control,27725.0,27829.0,0
391,control,31658.0,31207.0,0
392,treatment,12224.0,13731.0,1
393,control,19563.0,11070.0,0
394,treatment,14777.0,16864.0,0
395,treatment,15525.0,11362.0,0
396,control,43971.0,46780.0,0
397,treatment,25533.0,24718.0,0
398,control,25292.0,24956.0,0
399,treatment,16143.0,21165.0,0
400,treatment,33320.0,26395.0,0
401,treatment,13915.0,17082.0,0
402,control,19496.0,20149.0,0
403,treatment,19195.0,25540.0,0
404,treatment,17295.0,30170.0,0
405,control,17415.0,22080.0,0
406,control,41263.0,27672.0,0
407,control,12169.0,9473.0,0
408,control,26932.0,23545.0,0
409,treatment,7272.0,7025.0,0
410,treatment,19390.0,26509.0,0
411,treatment,6102.0,7188.0,0
412,control,10299.0,6608.0,0
413,control,12674.0,14446.0,0
414,control,40772.0,52209.0,0
415,control,20323.0,21434.0,0
416,control,22814.0,22609.0,0
417,treatment,17579.0,18074.0,1
418,control,17798.0,21120.0,0
419,treatment,16711.0,24108.0,0
420,treatment,22807.0,31674.0,0
421,control,27903.0,39313.0,0
422,treatment,17960.0,21850.0,1
423,control,88312.0,144843.0,0
424,control,23967.0,33147.0,0
425,treatment,19564.0,43870.0,0
426,treatment,15345.0,28165.0,0
427,control,18129.0,27295.0,0
428,control,63482.0,53109.0,0
429,control,16154.0,11271.0,0
430,treatment,12827.0,11075.0,0
431,control,10543.0,8262.0,0
432,treatment,14678.0,18320.0,0
433,control,34902.0,26532.0,0
434,treatment,12547.0,13375.0,0
435,treatment,5216.0,7639.0,0
436,control,45685.0,33144.0,0
437,control,23507.0,29848.0,0
438,control,13597.0,25960.0,0
439,treatment,59120.0,53635.0,0
440,treatment,13045.0,14714.0,0
441,treatment,8789.0,9732.0,1
442,control,10938.0,10950.0,0
443,control,11386.0,11413.0,0
444,control,23171.0,15614.0,0
445,treatment,30547.0,51788.0,0
446,control,25699.0,30515.0,0
447,treatment,13431.0,18836.0,1
448,treatment,29833.0,41635.0,0
449,treatment,5935.0,9588.0,0
450,treatment,35818.0,31092.0,0
451,treatment,33793.0,45767.0,0
452,treatment,45575.0,79823.0,0
453,control,12021.0,8042.0,0
454,control,20266.0,17307.0,0
455,treatment,12726.0,9733.0,0
456,control,12575.0,12855.0,0
457,treatment,25214.0,33452.0,1
458,treatment,23902.0,23514.0,0
459,control,14624.0,14595.0,0
460,control,16283.0,10526.0,0
461,control,20882.0,19784.0,0
462,treatment,20877.0,32468.0,0
463,treatment,27168.0,31867.0,0
464,control,18265.0,24537.0,0
465,treatment,33163.0,44966.0,0
466,control,23861.0,20045.0,0
467,treatment,7524.0,7575.0,0
468,control,15992.0,13784.0,0
469,control,67626.0,71862.0,0
470,control,22541.0,25399.0,0
471,control,31560.0,40196.0,0
472,treatment,11744.0,13453.0,1
473,treatment,13785.0,14526.0,0
474,control,12838.0,12264.0,0
475,control,11490.0,10637.0,0
476,control,35587.0,38531.0,0
477,control,5378.0,6450.0,0
478,treatment,16278.0,12807.0,0
479,control,14456.0,18075.0,0
480,treatment,5707.0,5441.0,0
481,control,28049.0,27367.0,0
482,treatment,16374.0,17582.0,1
483,treatment,28455.0,41055.0,1
484,treatment,63051.0,121202.0,0
485,control,44535.0,46155.0,0
486,control,20273.0,19191.0,0
487,treatment,22875.0,19218.0,0
488,control,36946.0,23556.0,0
489,control,42553.0,30401.0,0
490,treatment,35050.0,29690.0,0
491,control,16347.0,12819.0,0
492,control,6167.0,5292.0,0
493,treatment,14448.0,18004.0,0
494,treatment,56997.0,66347.0,0
495,treatment,8301.0,11150.0,0
496,control,24551.0,20247.0,0
497,control,11408.0,9971.0,0
498,treatment,8812.0,9470.0,1
499,treatment,29185.0,25553.0,0
500,control,8928.0,5902.0,0
501,control,15391.0,13450.0,0
502,control,10094.0,10787.0,0
503,treatment,6953.0,8357.0,0
504,treatment,16466.0,21528.0,1
505,treatment,47099.0,58067.0,1
506,control,15063.0,10662.0,0
507,treatment,23688.0,16912.0,0
508,treatment,74187.0,93033.0,1
509,treatment,13976.0,16510.0,0
510,control,2717.0,2535.0,0
511,control,21972.0,20206.0,0
512,control,12527.0,12163.0,0
513,treatment,8549.0,8232.0,1
514,control,24383.0,41928.0,0
515,control,16367.0,15662.0,0
516,treatment,41482.0,39630.0,0
517,treatment,17570.0,17001.0,0
518,control,37528.0,30863.0,0
519,treatment,41007.0,51418.0,0
520,control,12537.0,14060.0,0
521,control,8738.0,7554.0,0
522,control,15334.0,12464.0,0
523,treatment,21428.0,31559.0,0
524,control,62487.0,82728.0,0
525,treatment,15039.0,20142.0,0
526,treatment,14996.0,13620.0,0
527,control,14327.0,18380.0,0
528,control,16204.0,21665.0,0
529,treatment,15382.0,14521.0,1
530,treatment,6252.0,7297.0,0
531,control,30361.0,27703.0,0
532,control,27426.0,22067.0,0
533,control,17806.0,21596.0,0
534,treatment,25482.0,29033.0,0
535,treatment,9950.0,10373.0,0
536,control,24843.0,27482.0,0
537,control,21160.0,28180.0,0
538,treatment,35253.0,40194.0,0
539,treatment,19628.0,14283.0,0
540,treatment,7089.0,8163.0,0
541,treatment,44744.0,66166.0,0
542,control,22593.0,21558.0,0
543,control,15206.0,12989.0,0
544,control,12094.0,13863.0,0
545,treatment,29765.0,28868.0,0
546,control,8111.0,14124.0,0
547,control,12200.0,19512.0,0
548,treatment,35773.0,34016.0,1
549,treatment,24251.0,33956.0,0
550,control,12091.0,16232.0,0
551,control,32182.0,58648.0,0
552,treatment,9402.0,8776.0,1
553,treatment,22074.0,21791.0,0
554,treatment,25442.0,26565.0,0
555,control,29561.0,37230.0,0
556,control,27349.0,20688.0,0
557,control,18522.0,16904.0,0
558,treatment,21482.0,17215.0,0
559,treatment,19463.0,18646.0,0
560,control,9863.0,10605.0,0
561,control,20936.0,16525.0,0
562,control,27941.0,23247.0,0
563,control,22724.0,45802.0,0
564,treatment,25570.0,28945.0,1
565,treatment,41506.0,53108.0,0
566,control,20584.0,19019.0,0
567,control,23860.0,16609.0,0
568,treatment,16807.0,26746.0,0
569,treatment,19790.0,31648.0,0
570,treatment,15562.0,12414.0,0
571,treatment,4544.0,5382.0,0
572,treatment,41091.0,68431.0,0
573,control,14315.0,15805.0,0
574,treatment,60730.0,59860.0,0
575,control,14712.0,17438.0,0
576,control,20580.0,26580.0,0
577,control,13359.0,13712.0,0
578,treatment,8827.0,8745.0,0
579,control,11751.0,12213.0,0
580,treatment,60822.0,52651.0,0
581,treatment,19192.0,21099.0,0
582,treatment,19062.0,19080.0,0
583,treatment,6304.0,6953.0,1
584,control,6253.0,7017.0,0
585,control,29159.0,43582.0,0
586,control,20860.0,19154.0,0
587,control,15443.0,18464.0,0
588,control,6009.0,4301.0,0
589,control,12408.0,18837.0,0
590,control,53146.0,52351.0,0
591,control,99130.0,109051.0,0
592,control,9210.0,14196.0,0
593,control,13701.0,9822.0,0
594,treatment,12356.0,11393.0,1
595,control,22490.0,28366.0,0
596,treatment,7516.0,9605.0,0
597,control,36897.0,33860.0,0
598,treatment,31882.0,27846.0,1
599,treatment,14851.0,15775.0,0
600,control,43890.0,44905.0,0
601,control,43905.0,44067.0,0
602,treatment,18024.0,14368.0,0
603,control,12744.0,9910.0,0
604,control,18617.0,24247.0,0
605,treatment,29898.0,40887.0,1
606,treatment,27436.0,28247.0,0
607,treatment,29021.0,17965.0,1
608,treatment,37509.0,45430.0,1
609,control,7079.0,8848.0,0
610,control,37923.0,40302.0,0
611,treatment,4879.0,3954.0,0
612,control,9010.0,10077.0,0
613,treatment,9858.0,10462.0,0
614,control,50611.0,55443.0,0
615,control,29230.0,25585.0,0
616,control,18450.0,25874.0,0
617,treatment,10073.0,8299.0,1
618,treatment,11230.0,14604.0,0
619,treatment,20770.0,25083.0,0
620,treatment,34686.0,45169.0,1
621,control,33852.0,42895.0,0
622,control,31591.0,24119.0,0
623,control,19554.0,22340.0,0
624,treatment,37820.0,36542.0,0
625,treatment,10306.0,12669.0,1
626,control,18526.0,16932.0,0
627,treatment,19983.0,37470.0,1
628,control,20303.0,27180.0,0
629,treatment,34746.0,47221.0,1
630,control,22344.0,28430.0,0
631,treatment,14211.0,14894.0,1
632,treatment,7853.0,10225.0,1
633,control,19361.0,22364.0,0
634,control,36180.0,33271.0,0
635,treatment,9170.0,8404.0,0
636,treatment,16237.0,26118.0,0
637,treatment,22932.0,27514.0,1
638,treatment,45610.0,33009.0,0
639,control,11288.0,12149.0,0
640,control,34533.0,30781.0,0
641,control,24173.0,32850.0,0
642,treatment,23908.0,47877.0,0
643,treatment,17798.0,20835.0,1
644,treatment,73387.0,75313.0,1
645,control,36458.0,37848.0,0
646,control,14736.0,22335.0,0
647,control,4588.0,6489.0,0
648,control,7363.0,9782.0,0
649,treatment,12451.0,11282.0,0
650,control,3782.0,3753.0,0
651,treatment,33817.0,30721.0,0
652,control,20812.0,15709.0,0
653,control,24038.0,24583.0,0
654,control,9042.0,6157.0,0
655,control,63907.0,66067.0,0
656,control,14134.0,12547.0,0
657,control,13457.0,18402.0,0
658,control,17425.0,14571.0,0
659,treatment,22039.0,20997.0,0
660,control,16668.0,17184.0,0
661,treatment,24591.0,37083.0,0
662,control,45094.0,35058.0,0
663,treatment,37952.0,36344.0,1
664,treatment,14313.0,11691.0,1
665,treatment,9106.0,10242.0,1
666,treatment,5907.0,7228.0,0
667,treatment,9636.0,12105.0,0
668,control,23822.0,23944.0,0
669,control,13792.0,12965.0,0
670,control,7486.0,8545.0,0
671,treatment,13971.0,12806.0,0
672,treatment,22336.0,28969.0,1
673,control,64396.0,50669.0,0
674,treatment,7859.0,10585.0,0
675,treatment,8055.0,12433.0,0
676,treatment,9008.0,12521.0,0
677,control,30319.0,29945.0,0
678,treatment,31010.0,45070.0,0
679,control,18907.0,19711.0,0
680,treatment,38645.0,38293.0,0
681,treatment,26083.0,29522.0,0
682,treatment,23618.0,22290.0,0
683,treatment,8312.0,7196.0,1
684,treatment,34185.0,22491.0,0
685,treatment,13847.0,14674.0,0
686,treatment,17725.0,15977.0,0
687,treatment,20448.0,33549.0,0
688,control,48692.0,55507.0,0
689,control,26329.0,21869.0,0
690,treatment,45124.0,43136.0,0
691,treatment,27199.0,30101.0,0
692,treatment,28445.0,24428.0,1
693,control,21635.0,19040.0,0
694,control,42336.0,38216.0,0
695,treatment,38726.0,40997.0,1
696,treatment,41659.0,46410.0,0
697,treatment,24622.0,24813.0,1
698,control,32162.0,36860.0,0
699,treatment,18317.0,19827.0,0
700,treatment,38127.0,29700.0,0
701,control,20256.0,16221.0,0
702,control,24747.0,24046.0,0
703,treatment,43835.0,39333.0,0
704,treatment,35277.0,32194.0,0
705,control,23932.0,13565.0,0
706,treatment,9984.0,8933.0,0
707,control,32359.0,27915.0,0
708,treatment,8125.0,6881.0,0
709,treatment,50427.0,40259.0,1
710,treatment,17983.0,18065.0,0
711,control,19499.0,19093.0,0
712,treatment,26536.0,35519.0,0
713,control,21763.0,17087.0,0
714,treatment,15507.0,16232.0,1
715,treatment,13302.0,14961.0,0
716,treatment,12036.0,10639.0,0
717,control,94012.0,71611.0,0
718,control,16147.0,15577.0,0
719,treatment,57790.0,72719.0,1
720,treatment,40779.0,30761.0,1
721,control,31052.0,37571.0,0
722,treatment,36455.0,42725.0,0
723,treatment,20112.0,27536.0,0
724,treatment,19884.0,17835.0,0
725,treatment,14339.0,18955.0,0
726,control,30505.0,29260.0,0
727,treatment,15730.0,14453.0,0
728,control,33078.0,30881.0,0
729,control,14666.0,8315.0,0
730,control,74275.0,84867.0,0
731,treatment,9072.0,7563.0,1
732,treatment,25319.0,28075.0,0
733,control,10589.0,13665.0,0
734,control,32776.0,44235.0,0
735,control,19774.0,23521.0,0
736,treatment,13389.0,12281.0,0
737,control,51729.0,46916.0,0
738,control,18853.0,25504.0,0
739,control,23113.0,21512.0,0
740,treatment,48834.0,57539.0,1
741,control,26844.0,25286.0,0
742,treatment,11908.0,17113.0,0
743,control,29645.0,30979.0,0
744,control,18158.0,17395.0,0
745,treatment,8262.0,8260.0,1
746,treatment,13115.0,9184.0,0
747,control,6744.0,8678.0,0
748,control,42852.0,39680.0,0
749,control,28392.0,35139.0,0
750,treatment,10148.0,6922.0,0
751,treatment,38106.0,34017.0,0
752,control,13243.0,19580.0,0
753,treatment,40063.0,55910.0,0
754,control,18562.0,19178.0,0
755,control,19222.0,32337.0,0
756,control,29329.0,22270.0,0
757,treatment,28870.0,29880.0,0
758,treatment,24509.0,31824.0,0
759,control,12676.0,15810.0,0
760,control,22430.0,26282.0,0
761,treatment,19509.0,22997.0,0
762,control,38323.0,53434.0,0
763,treatment,16728.0,23911.0,0
764,treatment,50297.0,47636.0,1
765,treatment,9441.0,5550.0,1
766,treatment,24638.0,23680.0,0
767,control,24128.0,20415.0,0
768,treatment,11886.0,8401.0,0
769,control,19466.0,12005.0,0
770,control,18039.0,15264.0,0
771,treatment,13632.0,11346.0,0
772,treatment,28542.0,25751.0,0
773,control,16466.0,16541.0,0
774,treatment,22444.0,27443.0,0
775,treatment,20955.0,29017.0,0
776,treatment,9691.0,11823.0,0
777,control,7234.0,8956.0,0
778,treatment,25286.0,29405.0,0
779,control,14745.0,10723.0,0
780,control,8299.0,9763.0,0
781,control,16748.0,15281.0,0
782,treatment,10857.0,8154.0,0
783,control,33639.0,33187.0,0
784,treatment,52161.0,42603.0,0
785,control,37975.0,40819.0,0
786,treatment,16711.0,20051.0,1
787,control,5648.0,5592.0,0
788,control,44358.0,43983.0,0
789,treatment,20761.0,28967.0,0
790,control,25626.0,23837.0,0
791,control,10272.0,9600.0,0
792,control,25450.0,32364.0,0
793,treatment,34090.0,35450.0,0
794,control,16927.0,12114.0,0
795,control,24220.0,23718.0,0
796,control,5818.0,5974.0,0
797,treatment,11808.0,8550.0,1
798,control,31453.0,34436.0,0
799,treatment,49765.0,34867.0,0
800,control,6981.0,7566.0,0
801,control,29375.0,36947.0,0
802,control,30125.0,22914.0,0
803,treatment,18350.0,10252.0,1
804,treatment,11771.0,11220.0,0
805,treatment,17770.0,15301.0,1
806,treatment,8595.0,9607.0,1
807,control,20560.0,17137.0,0
808,control,41347.0,48127.0,0
809,control,31121.0,32952.0,0
810,control,12497.0,16296.0,0
811,control,22640.0,23574.0,0
812,control,37896.0,60085.0,0
813,control,36889.0,19331.0,0
814,treatment,12841.0,11546.0,0
815,control,33174.0,36969.0,0
816,control,48120.0,35098.0,0
817,treatment,24837.0,37122.0,0
818,control,14912.0,15086.0,0
819,control,3901.0,4049.0,0
820,control,27772.0,27418.0,0
821,treatment,12309.0,10723.0,1
822,control,17670.0,12811.0,0
823,treatment,55383.0,74186.0,0
824,control,28294.0,32860.0,0
825,control,21997.0,16026.0,0
826,treatment,31744.0,25974.0,0
827,control,9261.0,5805.0,0
828,treatment,27192.0,36929.0,1
829,treatment,32364.0,33633.0,1
830,treatment,19055.0,21161.0,1
831,treatment,23635.0,17226.0,0
832,control,59382.0,44537.0,0
833,control,9128.0,12720.0,0
834,control,22394.0,19839.0,0
835,control,12199.0,12673.0,0
836,control,17832.0,18652.0,0
837,control,27073.0,23189.0,0
838,treatment,35367.0,41549.0,0
839,treatment,26497.0,26409.0,0
840,control,9500.0,8658.0,0
841,treatment,17817.0,17493.0,0
842,treatment,18385.0,23212.0,1
843,control,10412.0,11689.0,0
844,treatment,26104.0,20493.0,0
845,treatment,13175.0,10711.0,0
846,treatment,25171.0,30123.0,1
847,control,14430.0,18717.0,0
848,control,6012.0,6873.0,0
849,treatment,11420.0,12875.0,1
850,control,81653.0,119213.0,0
851,control,16434.0,21653.0,0
852,control,6408.0,4573.0,0
853,treatment,13253.0,19713.0,0
854,control,22000.0,21082.0,0
855,treatment,31144.0,26556.0,1
856,control,8147.0,9094.0,0
857,control,23286.0,19518.0,0
858,control,27464.0,32402.0,0
859,control,21157.0,21530.0,0
860,treatment,12175.0,11137.0,0
861,control,27523.0,23501.0,0
862,treatment,18984.0,21300.0,0
863,control,7764.0,7220.0,0
864,treatment,12831.0,12784.0,0
865,control,76396.0,110776.0,0
866,control,25427.0,26019.0,0
867,control,21207.0,24096.0,0
868,control,12388.0,21794.0,0
869,control,50190.0,52880.0,0
870,treatment,20864.0,20188.0,0
871,control,29064.0,26336.0,0
872,control,11383.0,12009.0,0
873,treatment,49968.0,62798.0,0
874,treatment,5089.0,5160.0,0
875,control,13310.0,9452.0,0
876,treatment,10356.0,8897.0,1
877,control,43478.0,36677.0,0
878,control,27119.0,21812.0,0
879,control,46066.0,86341.0,0
880,control,42175.0,38554.0,0
881,treatment,7378.0,5539.0,0
882,treatment,3168.0,3682.0,0
883,control,28546.0,48712.0,0
884,control,14275.0,22939.0,0
885,treatment,16079.0,11235.0,0
886,control,38896.0,31555.0,0
887,control,30418.0,21916.0,0
888,treatment,25929.0,36303.0,0
889,control,64424.0,55371.0,0
890,treatment,44534.0,58197.0,1
891,treatment,42607.0,49749.0,0
892,treatment,26490.0,32428.0,1
893,control,11600.0,8707.0,0
894,control,68829.0,79176.0,0
895,control,8800.0,12580.0,0
896,treatment,14309.0,11462.0,1
897,control,17660.0,15946.0,0
898,treatment,11559.0,11028.0,0
899,control,10385.0,9399.0,0
900,control,67059.0,91209.0,0
901,treatment,34316.0,42399.0,0
902,treatment,13708.0,11092.0,0
903,control,9178.0,6231.0,0
904,treatment,10352.0,9455.0,0
905,treatment,20328.0,35116.0,0
906,control,11599.0,14026.0,0
907,control,5461.0,6045.0,0
908,control,30962.0,42712.0,0
909,treatment,26940.0,24428.0,0
910,treatment,22685.0,35128.0,1
911,treatment,15448.0,16196.0,0
912,treatment,23600.0,25418.0,0
913,treatment,54478.0,86083.0,1
914,control,14032.0,10905.0,0
915,control,40170.0,41591.0,0
916,control,17572.0,19830.0,0
917,treatment,31982.0,30966.0,0
918,control,8772.0,4122.0,0
919,control,24196.0,20423.0,0
920,control,15776.0,14601.0,0
921,treatment,9959.0,12928.0,0
922,treatment,34738.0,30228.0,0
923,treatment,26158.0,29582.0,0
924,control,14967.0,12162.0,0
925,treatment,56603.0,52776.0,0
926,control,15649.0,13026.0,0
927,control,50042.0,48210.0,0
928,treatment,18806.0,17115.0,0
929,control,30143.0,29560.0,0
930,treatment,16865.0,32498.0,0
931,treatment,47750.0,47421.0,0
932,control,23979.0,29040.0,0
933,treatment,14399.0,20967.0,0
934,treatment,7420.0,8026.0,0
935,treatment,29609.0,25582.0,0
936,treatment,47207.0,39552.0,1
937,treatment,16879.0,20900.0,0
938,treatment,8563.0,11480.0,0
939,control,17125.0,16708.0,0
940,control,15249.0,17864.0,0
941,treatment,16854.0,16478.0,0
942,treatment,33894.0,42892.0,0
943,control,11855.0,11859.0,0
944,treatment,32179.0,31644.0,0
945,control,14360.0,14346.0,0
946,treatment,31241.0,41872.0,0
947,treatment,21254.0,21340.0,1
948,control,47804.0,92108.0,0
949,control,16275.0,7753.0,0
950,control,12904.0,10069.0,0
951,control,28567.0,34868.0,0
952,control,18352.0,37051.0,0
953,control,55717.0,39832.0,0
954,treatment,21072.0,11800.0,1
955,control,9850.0,7719.0,0
956,control,14535.0,9984.0,0
957,treatment,11937.0,13559.0,1
958,treatment,14009.0,18177.0,0
959,control,19467.0,15514.0,0
960,control,19953.0,21988.0,0
961,control,13759.0,13405.0,0
962,control,6548.0,4392.0,0
963,treatment,2825.0,1664.0,0
964,treatment,17647.0,20776.0,0
965,treatment,58169.0,48579.0,1
966,treatment,73325.0,77585.0,0
967,treatment,21408.0,16944.0,1
968,treatment,16934.0,14561.0,0
969,treatment,9682.0,9601.0,1
970,control,10861.0,7336.0,0
971,control,3565.0,3599.0,0
972,treatment,36073.0,41931.0,0
973,treatment,18129.0,30773.0,0
974,control,20415.0,29876.0,0
975,treatment,46657.0,86448.0,0
976,treatment,6189.0,6034.0,0
977,treatment,28728.0,37413.0,1
978,treatment,9829.0,11257.0,0
979,control,9473.0,8610.0,0
980,control,7969.0,9976.0,0
981,treatment,33213.0,43496.0,0
982,treatment,15943.0,16642.0,0
983,treatment,6948.0,8121.0,0
984,control,18538.0,14086.0,0
985,treatment,13810.0,15153.0,0
986,control,78477.0,84447.0,0
987,control,15447.0,15305.0,0
988,control,24292.0,37990.0,0
989,control,25490.0,17612.0,0
990,control,11491.0,11399.0,0
991,treatment,19328.0,23729.0,0
992,control,26111.0,27839.0,0
993,control,30517.0,30036.0,0
994,treatment,9877.0,7997.0,1
995,control,14521.0,17906.0,0
996,control,17990.0,18529.0,0
997,control,20757.0,16129.0,0
998,treatment,16224.0,23168.0,0
999,control,50087.0,55160.0,0
1000,treatment,22238.0,34875.0,1
1001,control,25564.0,19738.0,0
1002,control,31795.0,43385.0,0
1003,treatment,24453.0,38451.0,0
1004,control,41251.0,61525.0,0
1005,control,16858.0,23461.0,0
1006,control,29349.0,27249.0,0
1007,control,22513.0,43938.0,0
1008,treatment,12945.0,12000.0,0
1009,treatment,9308.0,8983.0,0
1010,treatment,42382.0,56235.0,0
1011,control,23867.0,28233.0,0
1012,control,6086.0,2971.0,0
1013,treatment,38762.0,41089.0,0
1014,treatment,39385.0,41570.0,0
1015,treatment,14491.0,12543.0,0
1016,control,18632.0,26593.0,0
1017,control,6639.0,7743.0,0
1018,treatment,14528.0,16336.0,0
1019,control,51197.0,56011.0,0
1020,treatment,19416.0,21597.0,1
1021,treatment,17390.0,20299.0,1
1022,treatment,25039.0,31683.0,0
1023,treatment,7973.0,12153.0,1
1024,treatment,31810.0,28885.0,0
1025,treatment,34563.0,32008.0,1
1026,control,22220.0,24332.0,0
1027,treatment,8055.0,11830.0,0
1028,treatment,11614.0,7751.0,0
1029,treatment,9778.0,11579.0,0
1030,control,7028.0,9761.0,0
1031,treatment,31859.0,33593.0,0
1032,treatment,14495.0,15599.0,0
1033,control,15411.0,18690.0,0
1034,treatment,16708.0,16149.0,0
1035,control,19560.0,20206.0,0
1036,treatment,20244.0,25162.0,0
1037,treatment,14382.0,16171.0,1
1038,control,12587.0,13844.0,0
1039,control,26028.0,28475.0,0
1040,treatment,10445.0,11802.0,0
1041,treatment,15366.0,11105.0,1
1042,treatment,41454.0,48678.0,0
1043,control,17511.0,20792.0,0
1044,control,14026.0,8289.0,0
1045,control,61586.0,62387.0,0
1046,treatment,84479.0,149916.0,1
1047,treatment,14400.0,27579.0,0
1048,control,12948.0,9127.0,0
1049,control,15136.0,24652.0,0
1050,control,43326.0,39938.0,0
1051,treatment,23939.0,26357.0,1
1052,control,20995.0,18610.0,0
1053,treatment,42930.0,69706.0,0
1054,control,13340.0,15231.0,0
1055,control,20498.0,21399.0,0
1056,control,24314.0,18879.0,0
1057,treatment,14748.0,15277.0,0
1058,control,36768.0,45946.0,0
1059,control,13435.0,13238.0,0
1060,treatment,24231.0,26876.0,1
1061,treatment,13921.0,12950.0,1
1062,treatment,18477.0,21426.0,0
1063,treatment,18292.0,17977.0,0
1064,control,11427.0,14212.0,0
1065,treatment,19451.0,28973.0,0
1066,treatment,2175.0,3705.0,0
1067,control,15874.0,17596.0,0
1068,control,15079.0,19347.0,0
1069,treatment,29300.0,33818.0,0
1070,control,12160.0,12400.0,0
1071,treatment,14745.0,22792.0,0
1072,control,22186.0,25115.0,0
1073,treatment,20748.0,28927.0,0
1074,treatment,75762.0,72408.0,0
1075,treatment,4716.0,5476.0,0
1076,treatment,15657.0,14262.0,0
1077,control,18755.0,21858.0,0
1078,control,8781.0,13712.0,0
1079,treatment,21188.0,44648.0,0
1080,control,21481.0,21480.0,0
1081,treatment,22077.0,20925.0,0
1082,control,21188.0,19088.0,0
1083,treatment,105820.0,128606.0,0
1084,treatment,17941.0,15268.0,1
1085,control,19724.0,25522.0,0
1086,control,12230.0,10715.0,0
1087,control,21952.0,26233.0,0
1088,control,21677.0,25540.0,0
1089,control,31142.0,52307.0,0
1090,control,6663.0,7480.0,0
1091,control,65261.0,69932.0,0
1092,control,32281.0,24451.0,0
1093,control,11905.0,8066.0,0
1094,treatment,8480.0,10503.0,0
1095,control,83733.0,93244.0,0
1096,control,108915.0,100512.0,0
1097,treatment,10285.0,10865.0,0
1098,treatment,36439.0,25813.0,0
1099,treatment,6148.0,5771.0,0
1100,treatment,23923.0,29292.0,0
1101,control,8836.0,8268.0,0
1102,control,7892.0,10664.0,0
1103,treatment,8025.0,7104.0,0
1104,treatment,36350.0,34552.0,0
1105,control,37423.0,23158.0,0
1106,treatment,9438.0,5194.0,0
1107,treatment,24538.0,17250.0,0
1108,treatment,5523.0,5823.0,0
1109,treatment,41944.0,47978.0,0
1110,treatment,16414.0,17636.0,1
1111,treatment,11918.0,11573.0,0
1112,control,18019.0,20077.0,0
1113,treatment,27036.0,37985.0,0
1114,treatment,15538.0,18030.0,0
1115,treatment,15334.0,17374.0,0
1116,control,25047.0,26535.0,0
1117,treatment,23450.0,21444.0,0
1118,control,11483.0,15326.0,0
1119,control,17975.0,19175.0,0
1120,treatment,21503.0,23884.0,0
1121,treatment,55905.0,61497.0,0
1122,treatment,8002.0,7496.0,1
1123,control,33325.0,19255.0,0
1124,control,32527.0,37634.0,0
1125,control,36091.0,29625.0,0
1126,treatment,5672.0,5671.0,0
1127,treatment,28850.0,50103.0,0
1128,treatment,13090.0,24937.0,0
1129,control,13364.0,10166.0,0
1130,control,14419.0,12476.0,0
1131,control,20498.0,21705.0,0
1132,control,29130.0,24873.0,0
1133,control,17673.0,13327.0,0
1134,treatment,15416.0,14382.0,0
1135,treatment,36275.0,27082.0,0
1136,treatment,23472.0,16328.0,1
1137,treatment,8108.0,13100.0,0
1138,control,13472.0,13921.0,0
1139,treatment,26725.0,20258.0,1
1140,treatment,27205.0,28466.0,1
1141,treatment,11272.0,13964.0,0
1142,treatment,13982.0,14027.0,0
1143,treatment,34652.0,26115.0,0
1144,control,56396.0,56343.0,0
1145,control,22776.0,19793.0,0
1146,treatment,11364.0,9582.0,0
1147,control,5949.0,6275.0,0
1148,treatment,10681.0,14637.0,0
1149,treatment,72422.0,102289.0,0
1150,control,13097.0,13371.0,0
1151,control,31395.0,30567.0,0
1152,control,31135.0,32062.0,0
1153,treatment,18603.0,15205.0,0
1154,control,9443.0,12239.0,0
1155,control,13954.0,13001.0,0
1156,control,18977.0,21729.0,0
1157,control,29057.0,22431.0,0
1158,control,23525.0,25530.0,0
1159,control,15266.0,13757.0,0
1160,treatment,22538.0,28971.0,0
1161,control,46740.0,38462.0,0
1162,treatment,27162.0,20600.0,0
1163,control,22056.0,14392.0,0
1164,control,11668.0,14159.0,0
1165,control,7310.0,7942.0,0
1166,treatment,15095.0,14786.0,0
1167,treatment,4970.0,6218.0,1
1168,treatment,24163.0,27035.0,1
1169,control,8105.0,13784.0,0
1170,treatment,28346.0,28763.0,0
1171,treatment,58501.0,62934.0,0
1172,treatment,11473.0,11089.0,0
1173,treatment,57181.0,41294.0,1
1174,control,16669.0,16815.0,0
1175,control,16945.0,19260.0,0
1176,treatment,16561.0,16796.0,0
1177,control,25113.0,22572.0,0
1178,control,16783.0,12331.0,0
1179,treatment,15859.0,18876.0,0
1180,control,8736.0,10676.0,0
1181,control,22357.0,22999.0,0
1182,treatment,31653.0,34685.0,0
1183,control,17427.0,16162.0,0
1184,control,13942.0,15978.0,0
1185,control,36097.0,33098.0,0
1186,control,6785.0,8952.0,0
1187,control,31642.0,30877.0,0
1188,control,28167.0,23646.0,0
1189,control,11739.0,7202.0,0
1190,control,10214.0,13341.0,0
1191,control,48767.0,66745.0,0
1192,treatment,4160.0,6649.0,1
1193,treatment,17020.0,23616.0,0
1194,control,8553.0,8212.0,0
1195,control,42602.0,45287.0,0
1196,control,36102.0,37554.0,0
1197,control,36770.0,29116.0,0
1198,control,15668.0,17651.0,0
1199,control,4423.0,2679.0,0
1200,treatment,14585.0,15652.0,0
1201,control,52044.0,46290.0,0
1202,treatment,20477.0,18868.0,1
1203,treatment,7328.0,9217.0,0
1204,treatment,35793.0,34862.0,0
1205,treatment,34446.0,30261.0,1
1206,control,43397.0,47076.0,0
1207,treatment,25690.0,36604.0,0
1208,treatment,22344.0,15372.0,0
1209,treatment,32029.0,24030.0,0
1210,control,3333.0,2628.0,0
1211,treatment,21038.0,16193.0,0
1212,control,29094.0,25620.0,0
1213,treatment,11616.0,9595.0,1
1214,treatment,19916.0,23243.0,1
1215,treatment,16453.0,14569.0,1
1216,treatment,20771.0,15583.0,1
1217,control,44757.0,56420.0,0
1218,control,38751.0,46478.0,0
1219,control,50732.0,52640.0,0
1220,treatment,22903.0,31714.0,0
1221,treatment,10561.0,6356.0,0
1222,control,22218.0,19721.0,0
1223,control,42424.0,39035.0,0
1224,control,6572.0,5779.0,0
1225,treatment,22994.0,13438.0,0
1226,control,103213.0,86249.0,0
1227,control,39493.0,39919.0,0
1228,treatment,64190.0,53823.0,0
1229,control,86559.0,97521.0,0
1230,treatment,15091.0,17858.0,0
1231,treatment,41911.0,36779.0,0
1232,treatment,16766.0,18497.0,0
1233,control,9509.0,10168.0,0
1234,treatment,28448.0,27065.0,0
1235,treatment,38125.0,67591.0,0
1236,control,31300.0,28274.0,0
1237,treatment,14823.0,17573.0,0
1238,control,32581.0,27995.0,0
1239,treatment,16522.0,14697.0,0
1240,treatment,27874.0,31190.0,1
1241,control,33088.0,36737.0,0
1242,control,12749.0,14756.0,0
1243,control,35225.0,42145.0,0
1244,treatment,9284.0,11401.0,1
1245,treatment,20369.0,25242.0,1
1246,control,24949.0,25316.0,0
1247,control,28473.0,38904.0,0
1248,treatment,28031.0,36637.0,0
1249,control,12634.0,13565.0,0
1250,treatment,34289.0,29232.0,1
1251,control,40450.0,36382.0,0
1252,control,21472.0,30294.0,0
1253,control,18008.0,20313.0,0
1254,control,8152.0,10583.0,0
1255,control,106755.0,94934.0,0
1256,treatment,17855.0,13449.0,1
1257,treatment,13025.0,12197.0,0
1258,treatment,34785.0,35073.0,0
1259,control,23304.0,28749.0,0
1260,control,39703.0,40116.0,0
1261,treatment,34698.0,44334.0,0
1262,treatment,12660.0,11308.0,0
1263,treatment,32806.0,34614.0,0
1264,control,18093.0,13344.0,0
1265,control,62874.0,40958.0,0
1266,control,10495.0,12537.0,0
1267,treatment,23292.0,20968.0,0
1268,control,12523.0,15826.0,0
1269,treatment,13396.0,11765.0,1
1270,treatment,12041.0,12445.0,0
1271,treatment,39633.0,54304.0,1
1272,treatment,23711.0,17372.0,0
1273,control,14893.0,13354.0,0
1274,treatment,31845.0,30023.0,1
1275,control,16372.0,14669.0,0
1276,control,10047.0,15416.0,0
1277,control,10531.0,8617.0,0
1278,treatment,16744.0,18033.0,1
1279,treatment,21542.0,16568.0,0
1280,control,31063.0,39840.0,0
1281,treatment,33173.0,44112.0,0
1282,treatment,8543.0,10413.0,0
1283,treatment,9959.0,9700.0,1
1284,control,16972.0,14527.0,0
1285,control,45618.0,31357.0,0
1286,treatment,17263.0,17734.0,0
1287,control,33040.0,27846.0,0
1288,treatment,17340.0,22153.0,0
1289,control,30278.0,38267.0,0
1290,control,8375.0,11277.0,0
1291,treatment,36341.0,23601.0,0
1292,treatment,9185.0,11657.0,1
1293,treatment,25887.0,26219.0,0
1294,treatment,79370.0,83548.0,1
1295,control,17186.0,10929.0,0
1296,treatment,23506.0,29624.0,0
1297,control,20595.0,26251.0,0
1298,treatment,14274.0,9738.0,1
1299,treatment,8376.0,12479.0,0
1300,treatment,39693.0,49474.0,1
1301,treatment,54962.0,48972.0,0
1302,control,25494.0,21971.0,0
1303,treatment,16384.0,15470.0,0
1304,treatment,49113.0,56599.0,1
1305,control,64512.0,48777.0,0
1306,control,18678.0,16452.0,0
1307,control,3491.0,3211.0,0
1308,treatment,141938.0,82614.0,0
1309,treatment,38731.0,31107.0,0
1310,treatment,43765.0,46174.0,0
1311,treatment,35464.0,51936.0,0
1312,control,38175.0,34560.0,0
1313,treatment,29478.0,29407.0,0
1314,treatment,21619.0,15330.0,0
1315,treatment,9916.0,11793.0,1
1316,control,21426.0,19125.0,0
1317,control,36456.0,31307.0,0
1318,treatment,23149.0,21284.0,0
1319,control,12898.0,12614.0,0
1320,treatment,46500.0,46253.0,0
1321,treatment,12230.0,11663.0,0
1322,treatment,8049.0,6028.0,0
1323,treatment,14041.0,26700.0,0
1324,treatment,14489.0,16468.0,1
1325,treatment,8581.0,5475.0,0
1326,control,14594.0,19062.0,0
1327,treatment,16300.0,14854.0,1
1328,treatment,27288.0,35186.0,1
1329,treatment,17189.0,19820.0,0
1330,control,110171.0,146127.0,0
1331,control,42403.0,57749.0,0
1332,control,16651.0,17339.0,0
1333,treatment,13980.0,15908.0,1
1334,control,14819.0,13112.0,0
1335,treatment,13694.0,15274.0,0
1336,treatment,18201.0,20829.0,1
1337,treatment,49417.0,57682.0,0
1338,control,17265.0,21186.0,0
1339,treatment,11038.0,10575.0,0
1340,treatment,19040.0,22351.0,0
1341,treatment,25016.0,19008.0,0
1342,treatment,33498.0,38228.0,0
1343,control,13603.0,12262.0,0
1344,treatment,13776.0,13162.0,1
1345,control,8803.0,7156.0,0
1346,treatment,13003.0,17185.0,1
1347,control,22846.0,13999.0,0
1348,treatment,20070.0,14777.0,0
1349,treatment,11722.0,12471.0,0
1350,treatment,17086.0,16585.0,1
1351,control,17692.0,21374.0,0
1352,control,14215.0,10223.0,0
1353,treatment,19656.0,29141.0,0
1354,treatment,18679.0,23162.0,0
1355,control,6721.0,6935.0,0
1356,treatment,19493.0,25532.0,0
1357,treatment,33470.0,51748.0,0
1358,control,12022.0,9630.0,0
1359,control,19004.0,19971.0,0
1360,treatment,19222.0,26025.0,1
1361,control,24920.0,25148.0,0
1362,treatment,12193.0,11852.0,0
1363,control,9645.0,8150.0,0
1364,treatment,21302.0,18324.0,0
1365,control,4969.0,3328.0,0
1366,treatment,11433.0,13757.0,0
1367,control,59551.0,50155.0,0
1368,control,9931.0,11994.0,0
1369,control,18296.0,21659.0,0
1370,treatment,78736.0,81225.0,1
1371,control,35538.0,27659.0,0
1372,treatment,36346.0,24617.0,0
1373,control,18687.0,11980.0,0
1374,treatment,26567.0,34946.0,0
1375,treatment,58070.0,90622.0,0
1376,treatment,12539.0,18254.0,0
1377,control,14462.0,12986.0,0
1378,treatment,7107.0,7701.0,1
1379,treatment,18025.0,25563.0,0
1380,treatment,12618.0,24336.0,0
1381,treatment,14073.0,10060.0,1
1382,control,25215.0,35733.0,0
1383,control,24370.0,19781.0,0
1384,treatment,30124.0,38787.0,0
1385,control,31373.0,32903.0,0
1386,treatment,9234.0,10538.0,0
1387,control,16765.0,22478.0,0
1388,treatment,6073.0,6108.0,0
1389,treatment,33068.0,31864.0,1
1390,control,55742.0,51427.0,0
1391,control,26487.0,30731.0,0
1392,treatment,17134.0,12550.0,1
1393,control,163231.0,169611.0,0
1394,control,19827.0,21651.0,0
1395,treatment,28639.0,20435.0,0
1396,treatment,14486.0,17757.0,1
1397,treatment,12407.0,12580.0,0
1398,treatment,16082.0,16763.0,0
1399,control,42422.0,50945.0,0
1400,treatment,17580.0,20476.0,0
1401,treatment,23745.0,24214.0,0
1402,control,33093.0,48300.0,0
1403,control,12789.0,10463.0,0
1404,treatment,22076.0,20536.0,1
1405,treatment,29495.0,35507.0,0
1406,control,11938.0,10877.0,0
1407,control,8306.0,10437.0,0
1408,treatment,20151.0,25746.0,0
1409,treatment,43545.0,33227.0,1
1410,control,49900.0,75224.0,0
1411,control,29078.0,31310.0,0
1412,treatment,14593.0,15366.0,0
1413,treatment,19583.0,21071.0,0
1414,control,30568.0,36462.0,0
1415,treatment,34737.0,28457.0,0
1416,treatment,18680.0,22903.0,1
1417,control,40644.0,34527.0,0
1418,control,21585.0,21866.0,0
1419,treatment,13386.0,20780.0,1
1420,treatment,25956.0,22724.0,0
1421,control,24380.0,15753.0,0
1422,treatment,5531.0,5016.0,0
1423,control,17717.0,12026.0,0
1424,control,13439.0,16759.0,0
1425,treatment,22541.0,20054.0,0
1426,control,22137.0,17969.0,0
1427,treatment,17502.0,13468.0,0
1428,control,15241.0,12662.0,0
1429,control,17884.0,16866.0,0
1430,treatment,17984.0,17181.0,0
1431,control,25603.0,30108.0,0
1432,control,31357.0,23846.0,0
1433,control,18579.0,18418.0,0
1434,control,14786.0,19349.0,0
1435,treatment,6994.0,7280.0,1
1436,treatment,16875.0,13685.0,0
1437,control,48757.0,56409.0,0
1438,treatment,10112.0,9106.0,0
1439,control,19132.0,30926.0,0
1440,treatment,48205.0,45427.0,1
1441,control,20531.0,21619.0,0
1442,treatment,11413.0,24165.0,0
1443,treatment,39676.0,35841.0,0
1444,control,119368.0,75596.0,0
1445,control,11016.0,9593.0,0
1446,control,18886.0,23818.0,0
1447,control,11448.0,11376.0,0
1448,treatment,44540.0,60733.0,0
1449,control,62526.0,77344.0,0
1450,treatment,10903.0,11431.0,0
1451,control,10178.0,5075.0,0
1452,treatment,18691.0,13702.0,1
1453,treatment,22429.0,29168.0,0
1454,control,18219.0,16779.0,0
1455,treatment,10178.0,8801.0,1
1456,control,241658.0,170746.0,0
1457,control,15651.0,15419.0,0
1458,control,36185.0,42183.0,0
1459,treatment,12790.0,9672.0,0
1460,treatment,14143.0,22469.0,1
1461,control,8558.0,7681.0,0
1462,treatment,11543.0,11896.0,0
1463,treatment,21541.0,21546.0,0
1464,treatment,5279.0,5920.0,0
1465,treatment,20349.0,34885.0,0
1466,control,9950.0,7427.0,0
1467,control,29478.0,45715.0,0
1468,treatment,25291.0,34826.0,0
1469,treatment,10435.0,12823.0,0
1470,control,8572.0,7133.0,0
1471,control,13288.0,12280.0,0
1472,control,13627.0,13950.0,0
1473,treatment,15083.0,19568.0,1
1474,treatment,14012.0,11180.0,0
1475,treatment,14438.0,10871.0,0
1476,control,6841.0,6747.0,0
1477,control,7984.0,5811.0,0
1478,control,12795.0,14025.0,0
1479,treatment,11035.0,19317.0,1
1480,treatment,11790.0,13347.0,0
1481,treatment,16855.0,14154.0,1
1482,control,16519.0,18499.0,0
1483,treatment,51251.0,68935.0,0
1484,control,20105.0,23475.0,0
1485,treatment,41090.0,56041.0,0
1486,control,15076.0,24012.0,0
1487,control,19256.0,20378.0,0
1488,treatment,7568.0,7132.0,0
1489,treatment,25827.0,28729.0,0
1490,control,10584.0,10297.0,0
1491,treatment,44949.0,66329.0,0
1492,control,6680.0,5693.0,0
1493,control,33598.0,27924.0,0
1494,treatment,21738.0,15406.0,0
1495,control,61903.0,97754.0,0
1496,treatment,23407.0,32163.0,1
1497,treatment,39688.0,34205.0,0
1498,treatment,11642.0,12186.0,0
1499,treatment,10426.0,8313.0,0
1500,control,6655.0,6682.0,0
1501,control,23022.0,23909.0,0
1502,treatment,40255.0,42127.0,0
1503,control,53295.0,56410.0,0
1504,treatment,14011.0,16141.0,0
1505,control,9648.0,9330.0,0
1506,control,37213.0,39270.0,0
1507,treatment,47338.0,41925.0,1
1508,treatment,34559.0,43807.0,1
1509,treatment,21551.0,43507.0,0
1510,control,11847.0,7479.0,0
1511,treatment,33846.0,63903.0,0
1512,control,16153.0,21843.0,0
1513,control,11389.0,12626.0,0
1514,treatment,13426.0,12720.0,1
1515,treatment,9898.0,12186.0,0
1516,control,22321.0,26165.0,0
1517,treatment,15447.0,16775.0,0
1518,control,36995.0,44831.0,0
1519,control,33236.0,42254.0,0
1520,treatment,18912.0,25743.0,0
1521,control,12811.0,11291.0,0
1522,control,34936.0,32999.0,0
1523,control,6202.0,6759.0,0
1524,control,9351.0,8839.0,0
1525,treatment,15543.0,12968.0,0
1526,control,41644.0,53752.0,0
1527,treatment,37686.0,31323.0,0
1528,control,14687.0,9950.0,0
1529,control,16735.0,11069.0,0
1530,treatment,19560.0,11224.0,0
1531,treatment,21889.0,17236.0,1
1532,control,14550.0,5530.0,0
1533,control,51650.0,41200.0,0
1534,treatment,19375.0,17541.0,0
1535,treatment,4745.0,8193.0,0
1536,control,11625.0,14165.0,0
1537,control,10635.0,9880.0,0
1538,control,11431.0,13989.0,0
1539,control,12957.0,7783.0,0
1540,treatment,13834.0,20337.0,0
1541,treatment,37324.0,26555.0,0
1542,control,26771.0,22038.0,0
1543,control,32443.0,34942.0,0
1544,treatment,18965.0,26826.0,0
1545,control,32577.0,19887.0,0
1546,treatment,17994.0,21638.0,0
1547,treatment,17724.0,24839.0,0
1548,treatment,3166.0,3117.0,0
1549,control,5630.0,4419.0,0
1550,control,25224.0,35895.0,0
1551,control,86074.0,92339.0,0
1552,treatment,6645.0,7428.0,1
1553,treatment,8508.0,8451.0,0
1554,control,17074.0,16538.0,0
1555,treatment,47981.0,70463.0,0
1556,control,42805.0,46525.0,0
1557,treatment,32040.0,40410.0,1
1558,control,20723.0,26031.0,0
1559,treatment,16258.0,23131.0,0
1560,control,9334.0,9018.0,0
1561,control,12673.0,11379.0,0
1562,treatment,26521.0,34704.0,1
1563,control,11014.0,11511.0,0
1564,treatment,22187.0,19695.0,0
1565,treatment,15864.0,19529.0,1
1566,treatment,7246.0,7015.0,0
1567,control,9647.0,9966.0,0
1568,control,8479.0,9926.0,0
1569,treatment,43508.0,57792.0,0
1570,control,10433.0,7370.0,0
1571,control,16295.0,17403.0,0
1572,control,11142.0,12741.0,0
1573,treatment,13969.0,18576.0,1
1574,treatment,7478.0,10682.0,1
1575,control,10042.0,6680.0,0
1576,treatment,34461.0,24591.0,0
1577,treatment,52660.0,78636.0,0
1578,control,8892.0,5183.0,0
1579,control,29699.0,34643.0,0
1580,control,20349.0,23693.0,0
1581,treatment,24549.0,34253.0,0
1582,control,4877.0,4160.0,0
1583,control,60073.0,62256.0,0
1584,control,9253.0,9337.0,0
1585,control,19707.0,15229.0,0
1586,treatment,12396.0,11175.0,1
1587,treatment,34249.0,27637.0,1
1588,treatment,40202.0,49766.0,1
1589,control,16885.0,16537.0,0
1590,control,5983.0,4742.0,0
1591,treatment,8774.0,7599.0,0
1592,treatment,6187.0,6096.0,1
1593,treatment,13657.0,11292.0,0
1594,control,4145.0,4202.0,0
1595,treatment,26362.0,18567.0,0
1596,treatment,15031.0,15483.0,0
1597,control,16987.0,16717.0,0
1598,control,11996.0,11455.0,0
1599,control,33266.0,29551.0,0
1600,treatment,12531.0,9098.0,0
1601,control,13672.0,13475.0,0
1602,treatment,9534.0,17597.0,0
1603,treatment,6770.0,9878.0,0
1604,treatment,9842.0,9093.0,0
1605,treatment,30241.0,44831.0,1
1606,treatment,9037.0,10924.0,0
1607,treatment,11807.0,16156.0,0
1608,control,10162.0,10821.0,0
1609,control,27905.0,32315.0,0
1610,control,6960.0,6897.0,0
1611,treatment,25151.0,24103.0,1
1612,treatment,14844.0,17894.0,0
1613,treatment,29268.0,40968.0,0
1614,treatment,35796.0,42026.0,0
1615,control,25072.0,21561.0,0
1616,treatment,7093.0,6527.0,0
1617,treatment,15802.0,22381.0,1
1618,control,26344.0,36261.0,0
1619,control,24709.0,31790.0,0
1620,control,23796.0,38303.0,0
1621,treatment,12419.0,15158.0,1
1622,treatment,20318.0,31996.0,0
1623,treatment,14848.0,25054.0,1
1624,control,12126.0,12561.0,0
1625,control,10693.0,7612.0,0
1626,control,20679.0,15333.0,0
1627,control,13308.0,10390.0,0
1628,control,33760.0,59258.0,0
1629,control,25327.0,30538.0,0
1630,treatment,10616.0,12015.0,1
1631,control,11004.0,9930.0,0
1632,control,14043.0,14867.0,0
1633,treatment,21302.0,23738.0,0
1634,treatment,29164.0,24637.0,1
1635,control,8468.0,6738.0,0
1636,treatment,29748.0,31392.0,0
1637,control,22802.0,18433.0,0
1638,control,6314.0,5530.0,0
1639,treatment,12201.0,9275.0,0
1640,treatment,44418.0,43597.0,1
1641,control,25455.0,21687.0,0
1642,treatment,11176.0,11906.0,0
1643,control,44567.0,42414.0,0
1644,treatment,29129.0,37025.0,0
1645,control,11748.0,15566.0,0
1646,treatment,12113.0,13446.0,0
1647,control,33666.0,37163.0,0
1648,control,5511.0,7623.0,0
1649,treatment,14322.0,9518.0,1
1650,control,17062.0,8813.0,0
1651,control,53431.0,28147.0,0
1652,control,33378.0,38008.0,0
1653,control,7294.0,8274.0,0
1654,treatment,71632.0,67127.0,0
1655,control,10112.0,12025.0,0
1656,treatment,23041.0,20887.0,1
1657,treatment,19051.0,18780.0,0
1658,control,8527.0,6592.0,0
1659,treatment,33505.0,28016.0,0
1660,treatment,20279.0,14022.0,1
1661,control,25191.0,26023.0,0
1662,control,13070.0,11883.0,0
1663,control,17249.0,10242.0,0
1664,control,9603.0,6735.0,0
1665,treatment,32404.0,37475.0,0
1666,control,23089.0,28992.0,0
1667,control,29980.0,25526.0,0
1668,control,26516.0,23470.0,0
1669,control,19717.0,20079.0,0
1670,treatment,56186.0,67697.0,0
1671,control,24110.0,24693.0,0
1672,treatment,26244.0,18392.0,0
1673,control,7071.0,6424.0,0
1674,treatment,11510.0,11620.0,0
1675,control,33494.0,35539.0,0
1676,control,9012.0,13833.0,0
1677,treatment,32151.0,35239.0,0
1678,treatment,20771.0,21131.0,1
1679,treatment,12513.0,16092.0,0
1680,treatment,4848.0,4794.0,0
1681,treatment,17336.0,21357.0,0
1682,control,48010.0,54640.0,0
1683,treatment,13092.0,10587.0,0
1684,treatment,26448.0,28702.0,0
1685,control,8049.0,8754.0,0
1686,control,46600.0,71940.0,0
1687,treatment,21195.0,24588.0,1
1688,control,11768.0,9810.0,0
1689,treatment,29881.0,29383.0,0
1690,control,9365.0,8909.0,0
1691,control,9093.0,9287.0,0
1692,control,26029.0,21046.0,0
1693,treatment,55622.0,48809.0,0
1694,control,18888.0,19891.0,0
1695,treatment,4600.0,6489.0,1
1696,treatment,8845.0,12486.0,1
1697,treatment,16285.0,21855.0,0
1698,treatment,15551.0,20869.0,1
1699,treatment,7680.0,5651.0,0
1700,treatment,24373.0,13269.0,1
1701,treatment,12077.0,10015.0,0
1702,treatment,17122.0,13332.0,0
1703,treatment,92589.0,57226.0,0
1704,treatment,14522.0,14247.0,0
1705,control,29275.0,30959.0,0
1706,treatment,32959.0,26863.0,0
1707,control,25829.0,28558.0,0
1708,control,30572.0,29758.0,0
1709,control,35458.0,27418.0,0
1710,control,23742.0,25881.0,0
1711,control,77393.0,74387.0,0
1712,treatment,31317.0,42909.0,1
1713,treatment,20986.0,20418.0,0
1714,control,13455.0,10550.0,0
1715,treatment,41479.0,42373.0,1
1716,treatment,24412.0,23933.0,0
1717,treatment,7505.0,10601.0,0
1718,control,12056.0,12267.0,0
1719,treatment,35725.0,26545.0,1
1720,treatment,31892.0,24363.0,0
1721,treatment,17459.0,27909.0,1
1722,treatment,43272.0,36459.0,1
1723,treatment,17910.0,13653.0,0
1724,treatment,20018.0,22706.0,0
1725,treatment,10374.0,8344.0,1
1726,treatment,36500.0,35404.0,0
1727,treatment,41601.0,52687.0,0
1728,control,23741.0,17706.0,0
1729,control,12479.0,14805.0,0
1730,control,35742.0,34898.0,0
1731,control,27111.0,33215.0,0
1732,treatment,13326.0,14854.0,0
1733,treatment,15502.0,15565.0,1
1734,treatment,18760.0,20316.0,0
1735,control,17397.0,14671.0,0
1736,control,17755.0,20824.0,0
1737,treatment,21816.0,19245.0,1
1738,control,38877.0,47978.0,0
1739,control,85691.0,78019.0,0
1740,control,10807.0,11428.0,0
1741,treatment,18603.0,21612.0,0
1742,control,22118.0,38979.0,0
1743,control,21821.0,29117.0,0
1744,treatment,24577.0,29365.0,1
1745,treatment,16978.0,16744.0,1
1746,control,17741.0,19376.0,0
1747,control,35725.0,34887.0,0
1748,treatment,9311.0,6059.0,0
1749,control,34693.0,30691.0,0
1750,control,23110.0,26988.0,0
1751,treatment,24521.0,30832.0,0
1752,treatment,21506.0,18466.0,0
1753,treatment,20846.0,28515.0,0
1754,control,38108.0,29144.0,0
1755,control,24096.0,16951.0,0
1756,control,37934.0,48260.0,0
1757,control,34974.0,46647.0,0
1758,treatment,27517.0,29510.0,0
1759,treatment,16424.0,20737.0,0
1760,control,15423.0,10035.0,0
1761,treatment,32185.0,31851.0,0
1762,control,17614.0,18770.0,0
1763,control,10910.0,9446.0,0
1764,treatment,60705.0,42175.0,0
1765,control,33523.0,32741.0,0
1766,control,16850.0,17908.0,0
1767,control,59878.0,58176.0,0
1768,control,13029.0,12309.0,0
1769,control,9035.0,13043.0,0
1770,control,21343.0,26745.0,0
1771,treatment,57295.0,68225.0,1
1772,control,44879.0,35697.0,0
1773,control,39506.0,35346.0,0
1774,treatment,45393.0,60879.0,0
1775,treatment,31721.0,40614.0,0
1776,treatment,26035.0,29115.0,0
1777,treatment,16081.0,23481.0,0
1778,treatment,26491.0,27679.0,0
1779,control,48269.0,35185.0,0
1780,control,7652.0,6736.0,0
1781,control,30037.0,35302.0,0
1782,control,42254.0,46219.0,0
1783,control,24280.0,29690.0,0
1784,treatment,11628.0,7364.0,1
1785,treatment,15784.0,25662.0,0
1786,treatment,7945.0,8032.0,0
1787,control,11121.0,7756.0,0
1788,treatment,48563.0,47537.0,1
1789,control,10452.0,13189.0,0
1790,control,30122.0,31002.0,0
1791,control,21779.0,19087.0,0
1792,control,50373.0,60774.0,0
1793,treatment,29236.0,29277.0,1
1794,treatment,8804.0,9535.0,0
1795,treatment,12645.0,21403.0,0
1796,treatment,20982.0,25540.0,0
1797,treatment,29361.0,37140.0,0
1798,treatment,19205.0,15992.0,1
1799,treatment,22956.0,21421.0,0
1800,treatment,15288.0,12815.0,1
1801,control,20225.0,16186.0,0
1802,control,19849.0,33535.0,0
1803,treatment,25913.0,39044.0,1
1804,control,16335.0,18589.0,0
1805,treatment,38332.0,27969.0,1
1806,treatment,13142.0,11781.0,0
1807,control,17392.0,25001.0,0
1808,treatment,31348.0,26380.0,1
1809,control,14312.0,9559.0,0
1810,treatment,19234.0,14097.0,0
1811,treatment,19787.0,19246.0,1
1812,control,6499.0,5702.0,0
1813,treatment,39750.0,44064.0,1
1814,treatment,17853.0,15638.0,0
1815,control,43662.0,45153.0,0
1816,treatment,59971.0,58955.0,1
1817,control,28487.0,26837.0,0
1818,treatment,7038.0,6545.0,1
1819,treatment,18204.0,20169.0,0
1820,control,32012.0,30214.0,0
1821,treatment,112673.0,115131.0,0
1822,control,32252.0,37733.0,0
1823,control,33333.0,32862.0,0
1824,treatment,27042.0,33999.0,0
1825,control,11965.0,10946.0,0
1826,control,78571.0,75360.0,0
1827,control,7472.0,6630.0,0
1828,treatment,11624.0,15861.0,1
1829,control,19834.0,29227.0,0
1830,treatment,52289.0,61318.0,0
1831,control,26247.0,20143.0,0
1832,control,20776.0,17840.0,0
1833,treatment,11827.0,10458.0,0
1834,treatment,4993.0,8170.0,0
1835,treatment,26890.0,43693.0,0
1836,control,8007.0,6893.0,0
1837,treatment,13842.0,14864.0,1
1838,control,11997.0,8584.0,0
1839,control,19866.0,20511.0,0
1840,control,12271.0,16729.0,0
1841,treatment,44278.0,87902.0,0
1842,treatment,16639.0,16780.0,1
1843,treatment,15727.0,11226.0,0
1844,control,32350.0,56218.0,0
1845,control,9349.0,7868.0,0
1846,control,31803.0,34626.0,0
1847,treatment,23689.0,51406.0,0
1848,control,63717.0,80735.0,0
1849,control,39002.0,42126.0,0
1850,control,19074.0,17119.0,0
1851,treatment,23812.0,21000.0,0
1852,treatment,24088.0,24064.0,1
1853,control,29033.0,27425.0,0
1854,treatment,7444.0,5247.0,0
1855,control,32741.0,45456.0,0
1856,treatment,29994.0,51783.0,0
1857,treatment,11418.0,8960.0,0
1858,control,9308.0,10836.0,0
1859,control,6877.0,5641.0,0
1860,treatment,13662.0,11820.0,0
1861,treatment,7019.0,6961.0,1
1862,treatment,17788.0,15938.0,0
1863,control,12675.0,15800.0,0
1864,treatment,5187.0,6703.0,0
1865,control,37752.0,33605.0,0
1866,treatment,32363.0,25205.0,0
1867,treatment,18369.0,18986.0,0
1868,treatment,9593.0,14291.0,0
1869,control,8858.0,8292.0,0
1870,treatment,19638.0,23542.0,1
1871,treatment,22138.0,37988.0,1
1872,control,28418.0,27566.0,0
1873,control,60761.0,64356.0,0
1874,control,17448.0,23712.0,0
1875,control,5117.0,10374.0,0
1876,control,15331.0,12952.0,0
1877,treatment,24980.0,29966.0,1
1878,treatment,14952.0,16856.0,0
1879,control,5134.0,6424.0,0
1880,control,5332.0,3769.0,0
1881,control,23806.0,31055.0,0
1882,control,17972.0,23851.0,0
1883,treatment,23569.0,32753.0,0
1884,treatment,26180.0,22244.0,0
1885,treatment,14049.0,15481.0,0
1886,treatment,17835.0,14145.0,0
1887,control,19984.0,26795.0,0
1888,treatment,27898.0,20357.0,0
1889,control,23365.0,26020.0,0
1890,control,17779.0,18070.0,0
1891,treatment,19685.0,23294.0,0
1892,treatment,16206.0,14562.0,0
1893,treatment,12944.0,10408.0,1
1894,control,10988.0,7738.0,0
1895,control,51592.0,66276.0,0
1896,treatment,6498.0,5972.0,0
1897,treatment,28760.0,36459.0,0
1898,control,32361.0,35806.0,0
1899,control,14389.0,14149.0,0
1900,treatment,23145.0,24556.0,1
1901,control,9939.0,15698.0,0
1902,treatment,19335.0,24357.0,0
1903,control,32307.0,25344.0,0
1904,treatment,44134.0,55233.0,0
1905,treatment,44166.0,46048.0,0
1906,control,21200.0,25546.0,0
1907,control,28766.0,26269.0,0
1908,control,13166.0,12538.0,0
1909,treatment,23084.0,18097.0,0
1910,control,5856.0,6790.0,0
1911,control,38815.0,42649.0,0
1912,treatment,20551.0,19313.0,0
1913,control,41093.0,38822.0,0
1914,treatment,18475.0,21313.0,0
1915,treatment,24248.0,27711.0,1
1916,control,3353.0,3834.0,0
1917,treatment,19922.0,24511.0,0
1918,control,6233.0,5036.0,0
1919,control,26034.0,19965.0,0
1920,treatment,59477.0,78573.0,0
1921,control,26194.0,13127.0,0
1922,control,21767.0,15301.0,0
1923,treatment,26077.0,25066.0,0
1924,control,48807.0,58271.0,0
1925,treatment,44979.0,73298.0,0
1926,control,13130.0,16672.0,0
1927,treatment,17253.0,18890.0,0
1928,control,36979.0,33470.0,0
1929,treatment,45976.0,35505.0,0
1930,control,22015.0,15105.0,0
1931,control,12288.0,11896.0,0
1932,treatment,12557.0,10499.0,0
1933,control,93809.0,99623.0,0
1934,treatment,11938.0,16500.0,1
1935,treatment,25185.0,23153.0,0
1936,control,25004.0,36928.0,0
1937,control,6270.0,5552.0,0
1938,control,15712.0,10755.0,0
1939,control,13778.0,11480.0,0
1940,control,16452.0,16781.0,0
1941,control,18542.0,18136.0,0
1942,control,17592.0,14066.0,0
1943,control,7368.0,8423.0,0
1944,control,46755.0,51327.0,0
1945,treatment,30509.0,35870.0,0
1946,treatment,24387.0,23125.0,0
1947,treatment,22736.0,25157.0,1
1948,treatment,9350.0,10862.0,1
1949,control,87622.0,157004.0,0
1950,treatment,10746.0,11891.0,1
1951,treatment,39760.0,39539.0,1
1952,control,5277.0,4703.0,0
1953,treatment,19485.0,18087.0,1
1954,control,19195.0,16630.0,0
1955,treatment,9581.0,16879.0,1
1956,treatment,11672.0,10874.0,0
1957,control,6023.0,7078.0,0
1958,treatment,19691.0,21493.0,0
1959,control,25561.0,24771.0,0
1960,treatment,15953.0,15423.0,0
1961,treatment,81622.0,102139.0,0
1962,control,21760.0,24943.0,0
1963,control,19278.0,12359.0,0
1964,treatment,14580.0,15864.0,1
1965,treatment,27577.0,25950.0,1
1966,treatment,29309.0,40579.0,0
1967,control,39994.0,32326.0,0
1968,control,36899.0,65053.0,0
1969,treatment,50382.0,66548.0,0
1970,control,40097.0,23743.0,0
1971,treatment,23059.0,27748.0,1
1972,control,52539.0,55685.0,0
1973,treatment,113176.0,134129.0,0
1974,treatment,47448.0,36599.0,0
1975,treatment,15469.0,14202.0,0
1976,treatment,12346.0,9510.0,0
1977,treatment,18038.0,21615.0,0
1978,treatment,12843.0,13799.0,0
1979,treatment,7457.0,6434.0,0
1980,control,50250.0,33314.0,0
1981,treatment,11897.0,11187.0,0
1982,treatment,16152.0,16643.0,1
1983,control,23767.0,22269.0,0
1984,control,13862.0,12329.0,0
1985,treatment,13407.0,13849.0,1
1986,treatment,44159.0,39514.0,0
1987,treatment,20026.0,18245.0,0
1988,treatment,43317.0,47762.0,0
1989,treatment,10575.0,11627.0,1
1990,treatment,19474.0,26168.0,0
1991,treatment,32653.0,38207.0,0
1992,treatment,39284.0,52755.0,0
1993,control,14611.0,13819.0,0
1994,control,9152.0,8103.0,0
1995,control,13354.0,18281.0,0
1996,treatment,15675.0,20720.0,0
1997,treatment,8746.0,8799.0,0
1998,control,20745.0,16454.0,0
1999,treatment,20856.0,34423.0,1
2000,control,23081.0,44555.0,0
2001,treatment,28776.0,27966.0,0
2002,control,21396.0,41837.0,0
2003,control,24444.0,23631.0,0
2004,treatment,11250.0,14720.0,0
2005,treatment,13712.0,16431.0,0
2006,control,4269.0,5288.0,0
2007,treatment,9929.0,7983.0,1
2008,treatment,15619.0,15726.0,0
2009,treatment,18152.0,27593.0,1
2010,treatment,37909.0,26207.0,0
2011,control,33914.0,35272.0,0
2012,treatment,41600.0,32408.0,1
2013,treatment,7764.0,7307.0,0
2014,control,32899.0,53392.0,0
2015,control,21534.0,17394.0,0
2016,control,11764.0,17844.0,0
2017,treatment,22162.0,24150.0,0
2018,control,6313.0,5386.0,0
2019,control,39908.0,37202.0,0
2020,treatment,40071.0,35615.0,0
2021,control,8730.0,7471.0,0
2022,treatment,11402.0,9925.0,1
2023,treatment,5067.0,5106.0,1
2024,treatment,19438.0,18115.0,1
2025,control,11538.0,13020.0,0
2026,control,11241.0,8098.0,0
2027,treatment,29460.0,32762.0,0
2028,treatment,39638.0,39408.0,0
2029,control,18542.0,20255.0,0
2030,treatment,21137.0,24972.0,0
2031,control,18824.0,37935.0,0
2032,control,19876.0,19903.0,0
2033,treatment,5562.0,6513.0,1
2034,control,18406.0,23944.0,0
2035,control,23909.0,28882.0,0
2036,control,18790.0,20273.0,0
2037,treatment,8278.0,10090.0,0
2038,treatment,46027.0,52117.0,0
2039,treatment,9101.0,8154.0,0
2040,control,10721.0,11170.0,0
2041,control,21982.0,26917.0,0
2042,treatment,113578.0,96186.0,0
2043,control,27234.0,21781.0,0
2044,control,11485.0,11746.0,0
2045,treatment,73540.0,55569.0,0
2046,treatment,27070.0,55822.0,0
2047,treatment,28109.0,22762.0,0
2048,treatment,11806.0,10400.0,1
2049,control,25352.0,29746.0,0
2050,treatment,8688.0,10661.0,1
2051,treatment,27575.0,21059.0,0
2052,treatment,16327.0,17233.0,1
2053,control,6258.0,5860.0,0
2054,control,19755.0,17089.0,0
2055,treatment,34871.0,28462.0,1
2056,treatment,9223.0,10390.0,0
2057,control,16191.0,13552.0,0
2058,treatment,52698.0,59926.0,0
2059,treatment,12754.0,9154.0,1
2060,treatment,23069.0,22821.0,0
2061,treatment,26129.0,32246.0,0
2062,treatment,35378.0,40465.0,0
2063,control,7677.0,6255.0,0
2064,control,45780.0,94250.0,0
2065,control,41585.0,48633.0,0
2066,control,16154.0,24537.0,0
2067,treatment,21097.0,23154.0,1
2068,treatment,13587.0,14073.0,0
2069,control,27423.0,28848.0,0
2070,control,7833.0,6121.0,0
2071,control,23781.0,18547.0,0
2072,treatment,18313.0,45115.0,0
2073,treatment,73180.0,62623.0,0
2074,treatment,7571.0,6204.0,0
2075,control,20035.0,21867.0,0
2076,treatment,17892.0,41539.0,0
2077,control,26583.0,36959.0,0
2078,control,15578.0,13973.0,0
2079,treatment,12306.0,11061.0,0
2080,control,31078.0,33947.0,0
2081,control,7750.0,10641.0,0
2082,treatment,14910.0,19276.0,0
2083,control,20325.0,25683.0,0
2084,treatment,7337.0,5015.0,0
2085,control,28208.0,23133.0,0
2086,treatment,25257.0,24739.0,0
2087,treatment,25586.0,22533.0,0
2088,control,29112.0,18074.0,0
2089,treatment,21292.0,26229.0,1
2090,treatment,43386.0,34760.0,0
2091,treatment,28137.0,17790.0,1
2092,control,8875.0,9422.0,0
2093,control,19322.0,16980.0,0
2094,treatment,22301.0,22979.0,0
2095,control,29089.0,26300.0,0
2096,treatment,46892.0,57394.0,0
2097,treatment,19053.0,16121.0,0
2098,control,45724.0,60712.0,0
2099,treatment,28138.0,35342.0,1
2100,treatment,14805.0,13979.0,0
2101,treatment,23896.0,25774.0,1
2102,treatment,31370.0,26703.0,0
2103,treatment,16186.0,21556.0,0
2104,control,41764.0,48050.0,0
2105,treatment,79451.0,45908.0,0
2106,control,22355.0,21347.0,0
2107,treatment,20726.0,20349.0,0
2108,treatment,4783.0,4319.0,0
2109,treatment,6170.0,2746.0,1
2110,control,12470.0,13401.0,0
2111,control,21971.0,19902.0,0
2112,control,57216.0,42861.0,0
2113,treatment,7529.0,6342.0,0
2114,treatment,31377.0,27451.0,1
2115,treatment,82975.0,88335.0,0
2116,control,94551.0,81336.0,0
2117,control,63407.0,64996.0,0
2118,treatment,37539.0,25689.0,0
2119,control,21937.0,28143.0,0
2120,treatment,39050.0,47134.0,0
2121,control,52140.0,45994.0,0
2122,control,21310.0,25120.0,0
2123,treatment,13696.0,12155.0,0
2124,treatment,39151.0,52680.0,1
2125,treatment,74731.0,65754.0,0
2126,control,11569.0,10407.0,0
2127,control,19561.0,23401.0,0
2128,treatment,10123.0,7385.0,1
2129,treatment,28338.0,24926.0,0
2130,treatment,26544.0,20600.0,0
2131,control,10337.0,12253.0,0
2132,treatment,63405.0,108041.0,0
2133,control,16996.0,9619.0,0
2134,control,117363.0,119314.0,0
2135,control,25433.0,14425.0,0
2136,treatment,22952.0,29698.0,1
2137,control,45464.0,45337.0,0
2138,treatment,18091.0,13452.0,0
2139,treatment,13969.0,25131.0,0
2140,control,20603.0,27782.0,0
2141,treatment,20057.0,13803.0,0
2142,control,22989.0,22005.0,0
2143,treatment,12471.0,9144.0,1
2144,control,6174.0,10859.0,0
2145,treatment,34645.0,47561.0,0
2146,control,30547.0,25099.0,0
2147,control,8730.0,9223.0,0
2148,control,20887.0,18231.0,0
2149,treatment,24043.0,20912.0,0
2150,control,9497.0,13209.0,0
2151,control,41048.0,53040.0,0
2152,treatment,19664.0,18982.0,0
2153,control,11257.0,8051.0,0
2154,treatment,10586.0,12773.0,0
2155,treatment,15209.0,23090.0,0
2156,control,11312.0,8267.0,0
2157,control,71048.0,59105.0,0
2158,treatment,16314.0,26646.0,0
2159,treatment,27073.0,14428.0,1
2160,treatment,12611.0,14283.0,1
2161,control,12868.0,13282.0,0
2162,treatment,24188.0,19977.0,1
2163,control,9177.0,7055.0,0
2164,treatment,15958.0,13465.0,1
2165,control,11115.0,9818.0,0
2166,treatment,12858.0,11897.0,1
2167,control,8024.0,6906.0,0
2168,treatment,30866.0,38486.0,0
2169,treatment,53286.0,57722.0,1
2170,treatment,23426.0,28959.0,0
2171,control,34264.0,29950.0,0
2172,treatment,39747.0,41249.0,0
2173,treatment,29937.0,27959.0,0
2174,control,42533.0,34549.0,0
2175,treatment,17234.0,16378.0,0
2176,treatment,17748.0,15993.0,0
2177,control,29239.0,43127.0,0
2178,control,38232.0,42203.0,0
2179,treatment,25517.0,23950.0,0
2180,treatment,16822.0,25376.0,1
2181,treatment,45911.0,38592.0,1
2182,treatment,23014.0,37563.0,1
2183,treatment,33206.0,44000.0,1
2184,control,30624.0,22434.0,0
2185,treatment,32088.0,22440.0,0
2186,control,17919.0,16617.0,0
2187,treatment,14289.0,16618.0,0
2188,control,14157.0,10618.0,0
2189,control,13943.0,14686.0,0
2190,treatment,38580.0,25545.0,0
2191,control,16641.0,21369.0,0
2192,treatment,14948.0,14377.0,0
2193,treatment,16290.0,14734.0,0
2194,control,32221.0,43360.0,0
2195,control,42623.0,39323.0,0
2196,control,15768.0,13380.0,0
2197,control,26615.0,21694.0,0
2198,treatment,33016.0,43974.0,1
2199,treatment,16320.0,15201.0,1
2200,treatment,16076.0,22640.0,1
2201,control,17484.0,17128.0,0
2202,control,20002.0,15071.0,0
2203,control,28870.0,21915.0,0
2204,control,15450.0,16627.0,0
2205,treatment,18939.0,17398.0,1
2206,control,20634.0,17201.0,0
2207,control,11123.0,12342.0,0
2208,treatment,32985.0,37552.0,0
2209,treatment,22294.0,32781.0,0
2210,treatment,11874.0,13195.0,1
2211,treatment,7640.0,9211.0,1
2212,treatment,51875.0,32769.0,0
2213,treatment,68195.0,81834.0,0
2214,treatment,7936.0,10929.0,0
2215,control,26905.0,32013.0,0
2216,treatment,16469.0,21163.0,1
2217,treatment,35227.0,31516.0,0
2218,control,24078.0,19210.0,0
2219,control,13116.0,14053.0,0
2220,control,18540.0,22817.0,0
2221,treatment,12702.0,12479.0,1
2222,control,16101.0,20839.0,0
2223,control,11247.0,10554.0,0
2224,treatment,30864.0,31827.0,0
2225,treatment,14778.0,13102.0,0
2226,control,18257.0,24425.0,0
2227,treatment,35304.0,33360.0,1
2228,control,26551.0,26771.0,0
2229,control,25165.0,20695.0,0
2230,control,14106.0,9190.0,0
2231,control,6276.0,7375.0,0
2232,treatment,24314.0,36922.0,0
2233,treatment,16313.0,17428.0,1
2234,control,9176.0,18602.0,0
2235,control,9371.0,7382.0,0
2236,treatment,35876.0,43468.0,1
2237,treatment,10058.0,12744.0,0
2238,treatment,14282.0,23368.0,1
2239,control,29482.0,38920.0,0
2240,treatment,10549.0,8996.0,0
2241,treatment,39298.0,34370.0,1
2242,treatment,20984.0,23484.0,0
2243,treatment,24264.0,21476.0,0
2244,control,13250.0,12222.0,0
2245,control,8997.0,10445.0,0
2246,control,5253.0,5923.0,0
2247,control,13022.0,14717.0,0
2248,treatment,23493.0,24241.0,0
2249,control,8613.0,10361.0,0
2250,control,19343.0,20095.0,0
2251,control,22058.0,20026.0,0
2252,treatment,15635.0,21544.0,0
2253,control,20874.0,15436.0,0
2254,treatment,45489.0,45296.0,0
2255,treatment,46700.0,39010.0,0
2256,treatment,73786.0,99452.0,0
2257,treatment,23775.0,16915.0,1
2258,control,14559.0,18807.0,0
2259,control,156534.0,136271.0,0
2260,control,6496.0,7371.0,0
2261,treatment,19724.0,36646.0,0
2262,treatment,50629.0,85422.0,0
2263,treatment,29415.0,34431.0,0
2264,treatment,23216.0,27562.0,0
2265,control,26589.0,33997.0,0
2266,control,9918.0,13300.0,0
2267,control,58780.0,57184.0,0
2268,treatment,22682.0,23948.0,0
2269,treatment,29062.0,32748.0,0
2270,control,9271.0,8381.0,0
2271,treatment,15707.0,16509.0,0
2272,treatment,14003.0,14538.0,1
2273,control,18716.0,15107.0,0
2274,control,40220.0,65062.0,0
2275,treatment,29249.0,38152.0,0
2276,treatment,14306.0,25259.0,0
2277,control,23244.0,29518.0,0
2278,treatment,13643.0,20526.0,1
2279,control,25086.0,28992.0,0
2280,treatment,24271.0,23311.0,0
2281,treatment,12827.0,13058.0,0
2282,control,4456.0,3623.0,0
2283,control,15606.0,11623.0,0
2284,control,73110.0,54028.0,0
2285,control,29574.0,30293.0,0
2286,control,7517.0,7334.0,0
2287,control,14909.0,18065.0,0
2288,treatment,39839.0,56020.0,1
2289,control,16547.0,23219.0,0
2290,control,14244.0,10465.0,0
2291,treatment,37333.0,62217.0,1
2292,control,23607.0,21279.0,0
2293,treatment,8322.0,9658.0,0
2294,control,27762.0,57627.0,0
2295,control,24105.0,21770.0,0
2296,control,8191.0,5982.0,0
2297,control,39280.0,49114.0,0
2298,treatment,4215.0,3480.0,0
2299,treatment,15751.0,18728.0,1
2300,control,22004.0,26744.0,0
2301,treatment,65439.0,77089.0,1
2302,treatment,19186.0,19080.0,1
2303,control,5799.0,8318.0,0
2304,control,9542.0,11361.0,0
2305,treatment,22054.0,20488.0,0
2306,treatment,27655.0,20614.0,0
2307,control,60560.0,98734.0,0
2308,control,51095.0,43394.0,0
2309,treatment,13456.0,18900.0,0
2310,treatment,12352.0,23961.0,0
2311,treatment,103507.0,109535.0,0
2312,treatment,24741.0,28483.0,0
2313,control,19150.0,16359.0,0
2314,treatment,13013.0,19004.0,0
2315,control,8926.0,7455.0,0
2316,treatment,14460.0,21651.0,0
2317,treatment,17090.0,16830.0,0
2318,treatment,29386.0,16641.0,0
2319,control,5554.0,4824.0,0
2320,control,19445.0,28348.0,0
2321,control,5263.0,6926.0,0
2322,treatment,37230.0,45452.0,0
2323,control,24992.0,18371.0,0
2324,control,8985.0,10122.0,0
2325,treatment,19142.0,15490.0,0
2326,control,26043.0,28406.0,0
2327,treatment,48379.0,55682.0,1
2328,treatment,33715.0,51192.0,0
2329,control,17801.0,16742.0,0
2330,treatment,29561.0,22055.0,0
2331,treatment,9643.0,10108.0,0
2332,treatment,21336.0,20213.0,0
2333,control,24519.0,23328.0,0
2334,treatment,13451.0,16334.0,1
2335,control,20629.0,19602.0,0
2336,control,13508.0,15959.0,0
2337,control,45845.0,54668.0,0
2338,control,12928.0,12219.0,0
2339,treatment,20254.0,25591.0,1
2340,treatment,36930.0,34388.0,0
2341,control,52927.0,81358.0,0
2342,treatment,27918.0,33866.0,0
2343,control,8357.0,7309.0,0
2344,treatment,27693.0,30754.0,1
2345,treatment,34615.0,62102.0,0
2346,control,23593.0,29996.0,0
2347,treatment,12258.0,18895.0,0
2348,control,9229.0,8601.0,0
2349,treatment,30351.0,42670.0,0
2350,control,30816.0,45265.0,0
2351,control,32425.0,23741.0,0
2352,treatment,35037.0,23851.0,0
2353,treatment,11669.0,13134.0,0
2354,control,19247.0,14186.0,0
2355,control,40931.0,40391.0,0
2356,control,14879.0,18039.0,0
2357,control,11864.0,7781.0,0
2358,treatment,61090.0,96607.0,1
2359,control,35115.0,27040.0,0
2360,control,9961.0,12930.0,0
2361,treatment,25769.0,46017.0,0
2362,control,12159.0,6888.0,0
2363,treatment,22926.0,18681.0,1
2364,treatment,28600.0,20965.0,1
2365,treatment,22778.0,23392.0,0
2366,treatment,9669.0,10170.0,0
2367,treatment,15609.0,20067.0,0
2368,control,18974.0,28604.0,0
2369,control,33392.0,27184.0,0
2370,control,27891.0,25709.0,0
2371,treatment,5352.0,5039.0,0
2372,treatment,19831.0,23491.0,0
2373,control,20197.0,29124.0,0
2374,treatment,7557.0,7680.0,0
2375,treatment,24408.0,26472.0,0
2376,treatment,9774.0,11169.0,1
2377,control,26043.0,25353.0,0
2378,control,18345.0,17899.0,0
2379,treatment,3822.0,3641.0,0
2380,control,21049.0,30518.0,0
2381,control,17146.0,17314.0,0
2382,control,8479.0,8240.0,0
2383,treatment,17815.0,15782.0,0
2384,treatment,9046.0,8798.0,0
2385,control,17259.0,19138.0,0
2386,control,7965.0,9784.0,0
2387,control,73185.0,74951.0,0
2388,control,10353.0,8122.0,0
2389,control,25903.0,34055.0,0
2390,control,18598.0,15325.0,0
2391,treatment,38056.0,37198.0,0
2392,treatment,8011.0,7958.0,0
2393,control,21772.0,23216.0,0
2394,treatment,13469.0,18515.0,1
2395,treatment,20138.0,22504.0,1
2396,control,9837.0,10386.0,0
2397,treatment,30882.0,32390.0,0
2398,treatment,36715.0,34022.0,0
2399,control,21311.0,28243.0,0
2400,control,7758.0,10136.0,0
2401,treatment,15448.0,16805.0,0
2402,treatment,31024.0,27860.0,1
2403,control,9376.0,13331.0,0
2404,treatment,26371.0,50224.0,0
2405,treatment,17189.0,17660.0,0
2406,treatment,19868.0,19524.0,0
2407,control,13978.0,15037.0,0
2408,control,10331.0,8884.0,0
2409,control,9419.0,8494.0,0
2410,treatment,27725.0,22193.0,0
2411,treatment,51739.0,66231.0,0
2412,treatment,6025.0,4700.0,0
2413,control,6731.0,5488.0,0
2414,control,22129.0,15148.0,0
2415,treatment,17724.0,20511.0,0
2416,treatment,43278.0,46662.0,0
2417,treatment,18715.0,21493.0,0
2418,treatment,18175.0,18266.0,0
2419,control,13506.0,21784.0,0
2420,treatment,24832.0,21714.0,0
2421,control,7338.0,5849.0,0
2422,control,35672.0,28808.0,0
2423,control,25414.0,19087.0,0
2424,treatment,29341.0,35715.0,1
2425,treatment,33483.0,33884.0,1
2426,control,91761.0,97030.0,0
2427,control,33490.0,24590.0,0
2428,treatment,18465.0,35014.0,1
2429,control,21926.0,21606.0,0
2430,treatment,12430.0,12050.0,0
2431,treatment,7108.0,6921.0,0
2432,control,11818.0,11381.0,0
2433,control,15892.0,18823.0,0
2434,treatment,59347.0,59961.0,0
2435,treatment,14937.0,15625.0,0
2436,control,10331.0,12145.0,0
2437,control,43164.0,34372.0,0
2438,control,17845.0,18121.0,0
2439,control,21809.0,19716.0,0
2440,control,10594.0,13747.0,0
2441,treatment,7816.0,11658.0,0
2442,treatment,9090.0,7468.0,1
2443,control,16303.0,15117.0,0
2444,treatment,8291.0,8503.0,1
2445,treatment,22273.0,24963.0,1
2446,treatment,20452.0,20450.0,0
2447,treatment,13162.0,16610.0,0
2448,control,26624.0,23023.0,0
2449,treatment,26163.0,18311.0,0
2450,treatment,27491.0,24687.0,0
2451,treatment,5112.0,7908.0,0
2452,treatment,9697.0,6837.0,1
2453,control,42104.0,49521.0,0
2454,treatment,20991.0,20946.0,0
2455,treatment,20883.0,18891.0,1
2456,treatment,15100.0,21067.0,0
2457,control,9258.0,9816.0,0
2458,treatment,10481.0,8400.0,0
2459,control,33201.0,42035.0,0
2460,control,5937.0,5834.0,0
2461,treatment,11101.0,11939.0,0
2462,treatment,17209.0,16939.0,1
2463,treatment,20601.0,18842.0,0
2464,treatment,35507.0,45950.0,1
2465,treatment,12516.0,10175.0,0
2466,control,11816.0,17422.0,0
2467,treatment,14386.0,19948.0,0
2468,treatment,23164.0,23377.0,0
2469,control,36027.0,60657.0,0
2470,control,22584.0,18447.0,0
2471,treatment,33454.0,44066.0,0
2472,treatment,23420.0,32880.0,0
2473,control,55600.0,46983.0,0
2474,control,10972.0,13563.0,0
2475,treatment,17434.0,18992.0,0
2476,treatment,30616.0,41629.0,1
2477,control,34093.0,24357.0,0
2478,treatment,9998.0,11726.0,0
2479,control,21997.0,22641.0,0
2480,treatment,20328.0,19789.0,1
2481,treatment,18274.0,13866.0,1
2482,control,34745.0,41078.0,0
2483,treatment,13888.0,8918.0,0
2484,treatment,49958.0,42229.0,0
2485,control,9813.0,6318.0,0
2486,control,6134.0,8204.0,0
2487,control,14319.0,11878.0,0
2488,control,28751.0,43202.0,0
2489,treatment,33821.0,41985.0,0
2490,control,46448.0,84452.0,0
2491,control,18786.0,11900.0,0
2492,control,38736.0,43217.0,0
2493,treatment,26020.0,30874.0,0
2494,control,17763.0,16130.0,0
2495,control,19025.0,25267.0,0
2496,control,23282.0,14999.0,0
2497,control,16713.0,10944.0,0
2498,control,5060.0,5184.0,0
2499,treatment,10621.0,17347.0,0
2500,control,26612.0,18869.0,0
2501,treatment,33755.0,74344.0,0
2502,control,32308.0,33784.0,0
2503,control,61315.0,49942.0,0
2504,treatment,11028.0,9974.0,0
2505,treatment,47952.0,48896.0,0
2506,treatment,9394.0,8438.0,1
2507,control,17069.0,20024.0,0
2508,treatment,22026.0,22477.0,0
2509,treatment,14527.0,32453.0,0
2510,treatment,31951.0,36033.0,0
2511,control,32334.0,46637.0,0
2512,treatment,12154.0,10878.0,1
2513,control,21822.0,19882.0,0
2514,treatment,24016.0,25949.0,0
2515,control,102925.0,113319.0,0
2516,control,4961.0,5617.0,0
2517,control,30660.0,32672.0,0
2518,control,8413.0,6917.0,0
2519,control,4338.0,4078.0,0
2520,treatment,14909.0,14043.0,1
2521,control,51006.0,39211.0,0
2522,treatment,8794.0,8660.0,0
2523,control,16981.0,16099.0,0
2524,treatment,51976.0,53710.0,0
2525,control,10844.0,9069.0,0
2526,control,17793.0,23583.0,0
2527,control,4896.0,6177.0,0
2528,control,7735.0,9263.0,0
2529,control,34700.0,43858.0,0
2530,control,36422.0,55197.0,0
2531,control,28463.0,39388.0,0
2532,treatment,15657.0,20803.0,0
2533,treatment,41757.0,61872.0,0
2534,control,13655.0,12641.0,0
2535,treatment,75223.0,97726.0,1
2536,treatment,18298.0,14666.0,1
2537,treatment,43011.0,56040.0,1
2538,treatment,17571.0,16973.0,0
2539,control,17861.0,17910.0,0
2540,control,21704.0,20333.0,0
2541,control,15096.0,17835.0,0
2542,treatment,24750.0,32746.0,1
2543,treatment,28645.0,31454.0,1
2544,control,54442.0,30866.0,0
2545,control,14620.0,29045.0,0
2546,control,13279.0,10635.0,0
2547,control,20440.0,22920.0,0
2548,treatment,17517.0,19064.0,0
2549,control,28093.0,28408.0,0
2550,control,6627.0,5679.0,0
2551,control,66837.0,52032.0,0
2552,control,25108.0,20784.0,0
2553,control,17653.0,19483.0,0
2554,control,27429.0,36619.0,0
2555,treatment,29599.0,33365.0,1
2556,treatment,10439.0,16609.0,0
2557,treatment,16283.0,19995.0,1
2558,treatment,28931.0,36476.0,0
2559,control,54849.0,35140.0,0
2560,treatment,17638.0,27146.0,0
2561,control,32273.0,25675.0,0
2562,control,39743.0,38478.0,0
2563,control,15714.0,23351.0,0
2564,treatment,11997.0,9701.0,0
2565,treatment,38182.0,44755.0,0
2566,control,22910.0,27235.0,0
2567,treatment,8078.0,8534.0,1
2568,treatment,12844.0,9428.0,0
2569,treatment,24906.0,17907.0,1
2570,control,16170.0,14080.0,0
2571,control,51040.0,69808.0,0
2572,control,6874.0,9743.0,0
2573,treatment,9645.0,10165.0,0
2574,treatment,26978.0,31754.0,0
2575,control,14907.0,10276.0,0
2576,treatment,5886.0,5498.0,1
2577,treatment,33169.0,30102.0,0
2578,treatment,11365.0,14508.0,1
2579,treatment,28208.0,25173.0,0
2580,treatment,21254.0,29107.0,0
2581,treatment,9301.0,11776.0,0
2582,control,15819.0,17186.0,0
2583,treatment,12662.0,13890.0,1
2584,treatment,5328.0,6946.0,1
2585,treatment,17159.0,19388.0,0
2586,control,16073.0,13765.0,0
2587,treatment,19162.0,16226.0,0
2588,control,10569.0,17780.0,0
2589,control,19629.0,17011.0,0
2590,control,18468.0,14773.0,0
2591,control,38010.0,49654.0,0
2592,control,19196.0,17229.0,0
2593,treatment,13488.0,15556.0,0
2594,control,7329.0,5149.0,0
2595,control,21304.0,16454.0,0
2596,control,37956.0,27946.0,0
2597,treatment,11204.0,5999.0,1
2598,treatment,6063.0,3489.0,1
2599,control,14980.0,13871.0,0
2600,control,11803.0,12953.0,0
2601,treatment,21233.0,30978.0,1
2602,control,12418.0,14985.0,0
2603,control,14011.0,9655.0,0
2604,control,35565.0,24664.0,0
2605,treatment,13161.0,13978.0,0
2606,treatment,10071.0,12764.0,0
2607,treatment,71444.0,63618.0,0
2608,treatment,18436.0,16512.0,0
2609,control,37074.0,58691.0,0
2610,control,19683.0,20795.0,0
2611,control,20313.0,23501.0,0
2612,control,21632.0,10826.0,0
2613,treatment,11670.0,8154.0,0
2614,treatment,24425.0,18041.0,0
2615,treatment,12823.0,13667.0,0
2616,treatment,9292.0,12799.0,1
2617,treatment,24337.0,25702.0,1
2618,control,35444.0,32572.0,0
2619,treatment,21508.0,19784.0,0
2620,treatment,21662.0,24981.0,0
2621,treatment,17975.0,13279.0,1
2622,control,6174.0,4559.0,0
2623,control,29370.0,43357.0,0
2624,treatment,19900.0,32881.0,0
2625,control,51348.0,79925.0,0
2626,treatment,8424.0,7544.0,1
2627,treatment,12516.0,9267.0,1
2628,control,10061.0,11529.0,0
2629,treatment,19504.0,21928.0,1
2630,control,13318.0,9766.0,0
2631,control,12528.0,13799.0,0
2632,treatment,34929.0,60528.0,0
2633,treatment,44767.0,39495.0,0
2634,control,3946.0,3662.0,0
2635,treatment,77788.0,84921.0,0
2636,control,21498.0,15404.0,0
2637,treatment,8103.0,10530.0,0
2638,control,31265.0,33852.0,0
2639,treatment,26147.0,28138.0,1
2640,treatment,19054.0,21612.0,0
2641,control,22846.0,23503.0,0
2642,control,28529.0,25557.0,0
2643,control,11687.0,7549.0,0
2644,treatment,9536.0,13896.0,0
2645,control,48288.0,69400.0,0
2646,control,16846.0,16486.0,0
2647,control,7989.0,5708.0,0
2648,treatment,17452.0,18649.0,0
2649,treatment,51756.0,57659.0,1
2650,treatment,19740.0,33274.0,1
2651,control,19023.0,34844.0,0
2652,control,4990.0,6071.0,0
2653,control,25793.0,32961.0,0
2654,treatment,16284.0,25543.0,1
2655,control,12492.0,9117.0,0
2656,control,60012.0,54329.0,0
2657,control,26122.0,27985.0,0
2658,treatment,12684.0,16263.0,0
2659,treatment,20446.0,27316.0,1
2660,treatment,70782.0,66220.0,0
2661,control,16606.0,15834.0,0
2662,treatment,19944.0,13306.0,0
2663,treatment,18045.0,23237.0,0
2664,control,19934.0,18789.0,0
2665,treatment,10951.0,12231.0,1
2666,treatment,29722.0,48545.0,0
2667,treatment,6791.0,5285.0,0
2668,control,21855.0,21870.0,0
2669,control,19837.0,13748.0,0
2670,treatment,19478.0,21990.0,0
2671,treatment,50167.0,32106.0,0
2672,control,7914.0,7214.0,0
2673,treatment,23525.0,26570.0,1
2674,control,45382.0,45163.0,0
2675,control,16199.0,20299.0,0
2676,control,9202.0,7866.0,0
2677,control,7148.0,6475.0,0
2678,control,24017.0,39377.0,0
2679,control,16743.0,27126.0,0
2680,control,24502.0,16986.0,0
2681,control,7007.0,10436.0,0
2682,treatment,11651.0,9331.0,0
2683,control,17039.0,21288.0,0
2684,control,26953.0,31549.0,0
2685,control,93736.0,76328.0,0
2686,control,10608.0,9941.0,0
2687,control,12825.0,11321.0,0
2688,control,15407.0,16948.0,0
2689,control,32969.0,31283.0,0
2690,treatment,22068.0,17100.0,0
2691,treatment,17161.0,10890.0,0
2692,control,13390.0,11083.0,0
2693,treatment,7333.0,8760.0,0
2694,control,13428.0,12006.0,0
2695,treatment,128114.0,147073.0,1
2696,treatment,16868.0,15218.0,0
2697,treatment,26027.0,36717.0,0
2698,control,20849.0,15799.0,0
2699,control,6300.0,7024.0,0
2700,treatment,15349.0,14495.0,0
2701,treatment,23770.0,19773.0,0
2702,control,21857.0,16137.0,0
2703,treatment,62268.0,95967.0,0
2704,treatment,14662.0,19282.0,0
2705,treatment,38542.0,38140.0,0
2706,control,22250.0,17501.0,0
2707,treatment,13854.0,12015.0,1
2708,treatment,15871.0,17665.0,1
2709,treatment,26641.0,19431.0,1
2710,control,16545.0,16865.0,0
2711,treatment,20032.0,17389.0,0
2712,control,25880.0,20585.0,0
2713,control,12672.0,17307.0,0
2714,treatment,11146.0,13601.0,0
2715,control,18831.0,23977.0,0
2716,control,8942.0,7805.0,0
2717,treatment,17740.0,22725.0,1
2718,treatment,13525.0,12294.0,1
2719,control,14701.0,16489.0,0
2720,control,14805.0,15550.0,0
2721,control,12659.0,10869.0,0
2722,treatment,76872.0,64860.0,0
2723,treatment,16825.0,19725.0,0
2724,control,40657.0,23085.0,0
2725,control,16197.0,16030.0,0
2726,control,9569.0,11536.0,0
2727,treatment,15118.0,12952.0,0
2728,treatment,15152.0,13915.0,0
2729,treatment,16854.0,16393.0,0
2730,control,5074.0,5126.0,0
2731,control,21294.0,10078.0,0
2732,control,31293.0,31336.0,0
2733,control,16078.0,15241.0,0
2734,treatment,28593.0,36053.0,0
2735,treatment,21327.0,23803.0,0
2736,treatment,28380.0,31869.0,1
2737,treatment,11402.0,9269.0,0
2738,control,12619.0,18119.0,0
2739,control,7385.0,6166.0,0
2740,treatment,14981.0,20578.0,1
2741,treatment,18763.0,44693.0,1
2742,control,57745.0,52021.0,0
2743,treatment,12233.0,12523.0,0
2744,control,14225.0,16502.0,0
2745,treatment,8474.0,6748.0,0
2746,treatment,9178.0,7256.0,1
2747,treatment,42329.0,44699.0,1
2748,control,30183.0,37392.0,0
2749,treatment,30112.0,51521.0,0
2750,control,24096.0,36695.0,0
2751,treatment,20183.0,15284.0,0
2752,treatment,8195.0,12765.0,0
2753,treatment,98615.0,86018.0,0
2754,treatment,12249.0,11707.0,0
2755,control,61045.0,67697.0,0
2756,control,17933.0,10747.0,0
2757,control,9827.0,14846.0,0
2758,control,23999.0,24891.0,0
2759,treatment,16245.0,19721.0,0
2760,control,12893.0,16025.0,0
2761,control,32603.0,44057.0,0
2762,treatment,61861.0,70866.0,1
2763,control,28371.0,28347.0,0
2764,control,74230.0,46588.0,0
2765,treatment,20147.0,28661.0,0
2766,treatment,16492.0,19129.0,1
2767,treatment,24058.0,16896.0,0
2768,treatment,29353.0,47431.0,0
2769,treatment,14800.0,12209.0,0
2770,treatment,33455.0,34127.0,0
2771,treatment,33610.0,28433.0,1
2772,treatment,11180.0,10782.0,0
2773,treatment,59649.0,49867.0,0
2774,treatment,21651.0,18530.0,0
2775,control,6897.0,5475.0,0
2776,treatment,67212.0,77523.0,1
2777,treatment,17151.0,27742.0,0
2778,treatment,16134.0,18137.0,0
2779,treatment,9540.0,9204.0,0
2780,control,16196.0,13900.0,0
2781,treatment,12204.0,13330.0,0
2782,treatment,6629.0,7853.0,1
2783,control,15277.0,15341.0,0
2784,treatment,15475.0,15348.0,0
2785,control,43828.0,37492.0,0
2786,treatment,39272.0,44326.0,0
2787,control,12674.0,14153.0,0
2788,control,24160.0,39682.0,0
2789,control,10215.0,13015.0,0
2790,treatment,17531.0,18253.0,0
2791,control,33543.0,34679.0,0
2792,treatment,15309.0,15688.0,1
2793,control,35656.0,41054.0,0
2794,control,48327.0,50337.0,0
2795,control,26764.0,24912.0,0
2796,treatment,7254.0,7831.0,1
2797,treatment,15242.0,16352.0,0
2798,treatment,10697.0,7512.0,0
2799,control,35843.0,34722.0,0
2800,treatment,12318.0,12735.0,0
2801,control,14126.0,14159.0,0
2802,control,19284.0,27452.0,0
2803,treatment,17796.0,21879.0,0
2804,control,40759.0,52358.0,0
2805,control,11373.0,10669.0,0
2806,control,13509.0,18224.0,0
2807,treatment,26290.0,29310.0,0
2808,control,37604.0,47663.0,0
2809,control,16241.0,16298.0,0
2810,treatment,21456.0,25473.0,0
2811,control,52796.0,65071.0,0
2812,control,14292.0,14955.0,0
2813,control,58001.0,45615.0,0
2814,treatment,39789.0,39636.0,1
2815,control,27440.0,22581.0,0
2816,control,29021.0,18336.0,0
2817,treatment,48605.0,34936.0,1
2818,control,16300.0,16533.0,0
2819,control,94101.0,96486.0,0
2820,treatment,49956.0,24196.0,0
2821,control,56383.0,91700.0,0
2822,treatment,12297.0,14374.0,0
2823,treatment,17078.0,27978.0,0
2824,control,41182.0,40056.0,0
2825,treatment,7114.0,8551.0,1
2826,treatment,14969.0,13881.0,0
2827,treatment,4807.0,7491.0,0
2828,treatment,20722.0,16223.0,1
2829,control,10306.0,12645.0,0
2830,treatment,17573.0,20871.0,0
2831,control,71967.0,65003.0,0
2832,control,48924.0,74339.0,0
2833,control,10434.0,7756.0,0
2834,treatment,54866.0,52706.0,0
2835,treatment,66734.0,87728.0,1
2836,control,19831.0,16602.0,0
2837,control,11358.0,13144.0,0
2838,treatment,24698.0,20369.0,0
2839,treatment,11821.0,18832.0,0
2840,control,16287.0,26786.0,0
2841,treatment,36338.0,31677.0,0
2842,control,15696.0,13589.0,0
2843,control,18722.0,12216.0,0
2844,control,4474.0,4910.0,0
2845,treatment,30743.0,26382.0,0
2846,control,42249.0,38695.0,0
2847,treatment,14511.0,19507.0,0
2848,control,22950.0,26925.0,0
2849,control,16262.0,13305.0,0
2850,control,12918.0,12675.0,0
2851,control,21654.0,24671.0,0
2852,treatment,13315.0,14581.0,0
2853,control,14249.0,9480.0,0
2854,treatment,44943.0,49479.0,0
2855,control,13738.0,14770.0,0
2856,control,49714.0,41754.0,0
2857,control,24024.0,32644.0,0
2858,control,12912.0,24743.0,0
2859,control,35798.0,21127.0,0
2860,treatment,47194.0,54557.0,0
2861,treatment,21506.0,21898.0,0
2862,control,41855.0,44165.0,0
2863,treatment,88293.0,112564.0,0
2864,control,9571.0,10658.0,0
2865,control,45915.0,60867.0,0
2866,control,17226.0,18441.0,0
2867,control,9885.0,7642.0,0
2868,control,13173.0,13541.0,0
2869,treatment,13811.0,17425.0,1
2870,treatment,8418.0,10790.0,0
2871,treatment,12285.0,11171.0,0
2872,treatment,13411.0,13988.0,1
2873,control,18162.0,24157.0,0
2874,treatment,35269.0,41632.0,0
2875,control,23323.0,20949.0,0
2876,control,8675.0,5524.0,0
2877,control,15369.0,11566.0,0
2878,treatment,24794.0,42717.0,0
2879,treatment,9206.0,12589.0,1
2880,control,15440.0,14775.0,0
2881,control,36006.0,43497.0,0
2882,control,14906.0,15000.0,0
2883,control,11250.0,14663.0,0
2884,treatment,27796.0,34485.0,0
2885,control,18079.0,17593.0,0
2886,control,34285.0,27303.0,0
2887,control,9350.0,11530.0,0
2888,treatment,18768.0,21853.0,0
2889,control,14215.0,19472.0,0
2890,control,25573.0,31942.0,0
2891,treatment,25746.0,33013.0,0
2892,control,29775.0,29669.0,0
2893,treatment,30059.0,31570.0,0
2894,control,17781.0,14800.0,0
2895,treatment,46356.0,36480.0,0
2896,treatment,16030.0,17334.0,0
2897,treatment,178390.0,139002.0,0
2898,control,11402.0,5580.0,0
2899,treatment,11320.0,12134.0,0
2900,control,25584.0,30173.0,0
2901,treatment,17814.0,29049.0,0
2902,treatment,10424.0,10291.0,0
2903,control,35103.0,35822.0,0
2904,treatment,37324.0,37868.0,0
2905,treatment,17048.0,14484.0,0
2906,treatment,17250.0,35905.0,0
2907,control,11923.0,14031.0,0
2908,control,29203.0,28104.0,0
2909,control,9585.0,10312.0,0
2910,control,17176.0,18746.0,0
2911,control,27506.0,23641.0,0
2912,treatment,36279.0,47772.0,1
2913,treatment,16529.0,22850.0,0
2914,control,30184.0,20351.0,0
2915,control,11011.0,13091.0,0
2916,control,29339.0,29439.0,0
2917,treatment,6034.0,8634.0,1
2918,control,39246.0,40899.0,0
2919,control,10124.0,5460.0,0
2920,control,25137.0,31623.0,0
2921,control,18535.0,15534.0,0
2922,treatment,23143.0,19810.0,0
2923,control,15460.0,10669.0,0
2924,treatment,12869.0,16165.0,0
2925,control,8531.0,6179.0,0
2926,control,8811.0,6875.0,0
2927,control,20911.0,19048.0,0
2928,control,16635.0,12079.0,0
2929,control,9154.0,7240.0,0
2930,treatment,3164.0,2981.0,0
2931,control,13526.0,7227.0,0
2932,control,18491.0,18766.0,0
2933,treatment,61223.0,69933.0,0
2934,control,21773.0,25980.0,0
2935,treatment,20024.0,22770.0,0
2936,treatment,11758.0,11803.0,0
2937,control,46812.0,50542.0,0
2938,treatment,40579.0,33845.0,0
2939,treatment,22302.0,25198.0,1
2940,treatment,57378.0,71057.0,0
2941,treatment,12673.0,16687.0,1
2942,control,11291.0,17215.0,0
2943,treatment,13072.0,19168.0,0
2944,control,16902.0,14440.0,0
2945,control,39738.0,44077.0,0
2946,treatment,10181.0,12435.0,0
2947,treatment,11996.0,10401.0,1
2948,control,10267.0,12311.0,0
2949,control,13685.0,12136.0,0
2950,control,70812.0,65434.0,0
2951,control,8637.0,9941.0,0
2952,treatment,6695.0,7387.0,0
2953,control,14465.0,12795.0,0
2954,treatment,61846.0,85606.0,1
2955,control,18113.0,15935.0,0
2956,treatment,26504.0,35461.0,1
2957,control,114767.0,130632.0,0
2958,treatment,57717.0,36667.0,0
2959,treatment,13350.0,12383.0,1
2960,treatment,11203.0,11308.0,0
2961,treatment,8001.0,9596.0,1
2962,control,24332.0,22138.0,0
2963,control,11167.0,10174.0,0
2964,treatment,6334.0,7726.0,0
2965,treatment,7371.0,6744.0,0
2966,control,50649.0,45589.0,0
2967,control,9683.0,8761.0,0
2968,treatment,31656.0,48516.0,0
2969,control,11428.0,9657.0,0
2970,control,40239.0,33984.0,0
2971,treatment,8472.0,6888.0,0
2972,control,9701.0,10048.0,0
2973,control,28924.0,25302.0,0
2974,control,35831.0,39199.0,0
2975,control,10787.0,11190.0,0
2976,control,24654.0,27651.0,0
2977,control,10597.0,9532.0,0
2978,treatment,7296.0,9090.0,1
2979,treatment,13502.0,19736.0,0
2980,control,10616.0,14467.0,0
2981,control,5326.0,6567.0,0
2982,control,35561.0,33182.0,0
2983,control,89706.0,79020.0,0
2984,control,15389.0,10949.0,0
2985,control,25129.0,45320.0,0
2986,treatment,16131.0,24202.0,0
2987,control,16724.0,16742.0,0
2988,control,76716.0,81236.0,0
2989,control,15424.0,20863.0,0
2990,treatment,16723.0,21892.0,0
2991,control,19863.0,19486.0,0
2992,treatment,43750.0,48261.0,0
2993,treatment,18630.0,21770.0,0
2994,control,17434.0,15882.0,0
2995,treatment,16558.0,15649.0,0
2996,control,25427.0,34061.0,0
2997,control,21802.0,27025.0,0
2998,treatment,21837.0,23629.0,0
2999,treatment,65343.0,72925.0,1
3000,control,18523.0,16036.0,0
3001,treatment,10309.0,11998.0,0
3002,control,94432.0,107445.0,0
3003,control,20085.0,18544.0,0
3004,control,75499.0,87115.0,0
3005,control,68832.0,93855.0,0
3006,treatment,7875.0,8336.0,1
3007,treatment,16870.0,17953.0,0
3008,treatment,8090.0,10169.0,0
3009,control,14048.0,9506.0,0
3010,control,19787.0,17779.0,0
3011,control,13403.0,9342.0,0
3012,control,28573.0,32567.0,0
3013,control,20395.0,17119.0,0
3014,treatment,65468.0,77145.0,0
3015,treatment,13960.0,15402.0,0
3016,control,8876.0,6762.0,0
3017,treatment,4056.0,4155.0,1
3018,treatment,47000.0,37136.0,1
3019,control,15471.0,17092.0,0
3020,control,24999.0,21845.0,0
3021,control,17682.0,20830.0,0
3022,control,24202.0,15969.0,0
3023,treatment,10289.0,9443.0,0
3024,treatment,26588.0,26278.0,1
3025,control,24304.0,29247.0,0
3026,treatment,31201.0,29624.0,0
3027,treatment,18273.0,19994.0,0
3028,treatment,13896.0,18481.0,0
3029,treatment,4525.0,7404.0,0
3030,treatment,9770.0,14935.0,1
3031,control,146540.0,84411.0,0
3032,control,57419.0,46264.0,0
3033,control,44270.0,67889.0,0
3034,control,19157.0,24694.0,0
3035,control,24761.0,21294.0,0
3036,treatment,14548.0,13925.0,0
3037,treatment,4547.0,4506.0,0
3038,control,19426.0,21284.0,0
3039,control,33708.0,35120.0,0
3040,control,26424.0,32651.0,0
3041,control,15074.0,20089.0,0
3042,treatment,13606.0,14189.0,1
3043,treatment,60288.0,58975.0,0
3044,treatment,25018.0,26956.0,1
3045,control,26226.0,31356.0,0
3046,control,12657.0,14959.0,0
3047,treatment,26257.0,42390.0,1
3048,treatment,9239.0,10890.0,1
3049,control,18309.0,27935.0,0
3050,treatment,16004.0,15539.0,0
3051,treatment,20672.0,15524.0,0
3052,control,8871.0,13629.0,0
3053,treatment,9459.0,12840.0,0
3054,control,24479.0,20931.0,0
3055,treatment,7897.0,5429.0,0
3056,treatment,28078.0,34167.0,1
3057,control,28858.0,24822.0,0
3058,control,6415.0,5699.0,0
3059,control,13661.0,8718.0,0
3060,treatment,31728.0,43125.0,1
3061,treatment,34237.0,35302.0,1
3062,treatment,9175.0,7407.0,0
3063,treatment,10281.0,10757.0,1
3064,treatment,10666.0,8740.0,1
3065,control,35587.0,45810.0,0
3066,control,6307.0,8025.0,0
3067,control,35724.0,41708.0,0
3068,control,6719.0,5014.0,0
3069,control,17560.0,16229.0,0
3070,treatment,11042.0,9612.0,0
3071,control,58810.0,73803.0,0
3072,treatment,13128.0,9162.0,0
3073,control,35923.0,29950.0,0
3074,control,27632.0,17581.0,0
3075,control,7944.0,10254.0,0
3076,control,24685.0,24088.0,0
3077,treatment,10727.0,11122.0,0
3078,control,22330.0,13156.0,0
3079,control,19811.0,17632.0,0
3080,control,36283.0,34195.0,0
3081,control,56701.0,70705.0,0
3082,control,22745.0,22988.0,0
3083,control,40394.0,36133.0,0
3084,control,23270.0,37401.0,0
3085,treatment,31881.0,33271.0,0
3086,control,30356.0,24455.0,0
3087,treatment,20180.0,22234.0,0
3088,treatment,40074.0,60046.0,0
3089,treatment,21170.0,28436.0,0
3090,control,16751.0,22335.0,0
3091,control,13871.0,13292.0,0
3092,treatment,13059.0,14647.0,1
3093,control,11743.0,10267.0,0
3094,control,6194.0,5055.0,0
3095,treatment,6273.0,9636.0,0
3096,control,97786.0,85424.0,0
3097,control,23726.0,22673.0,0
3098,control,43933.0,47054.0,0
3099,control,29265.0,33881.0,0
3100,treatment,25953.0,30055.0,0
3101,control,17248.0,15170.0,0
3102,treatment,23832.0,25938.0,0
3103,treatment,110424.0,101072.0,1
3104,treatment,49878.0,73438.0,1
3105,control,36348.0,35189.0,0
3106,control,12743.0,14305.0,0
3107,control,15764.0,15238.0,0
3108,treatment,13157.0,17146.0,1
3109,control,37088.0,30514.0,0
3110,control,40276.0,35386.0,0
3111,control,22286.0,27026.0,0
3112,control,28797.0,21349.0,0
3113,treatment,30287.0,33253.0,1
3114,control,22537.0,17930.0,0
3115,control,29165.0,38494.0,0
3116,control,49488.0,65374.0,0
3117,control,15254.0,14382.0,0
3118,control,13963.0,12856.0,0
3119,treatment,12585.0,13870.0,0
3120,control,42166.0,38510.0,0
3121,treatment,45137.0,48368.0,1
3122,control,41340.0,17802.0,0
3123,control,18730.0,14064.0,0
3124,treatment,16348.0,18662.0,0
3125,treatment,16963.0,21599.0,1
3126,control,22732.0,17051.0,0
3127,control,10581.0,10036.0,0
3128,control,23888.0,18664.0,0
3129,treatment,31237.0,46625.0,0
3130,control,16138.0,15559.0,0
3131,control,26667.0,26796.0,0
3132,control,18322.0,23839.0,0
3133,treatment,13944.0,16302.0,0
3134,control,51477.0,52548.0,0
3135,control,9612.0,7860.0,0
3136,treatment,37175.0,38502.0,0
3137,control,33820.0,39446.0,0
3138,control,32879.0,40760.0,0
3139,treatment,30018.0,24709.0,1
3140,treatment,20183.0,17985.0,0
3141,treatment,11233.0,19980.0,0
3142,treatment,15292.0,12678.0,0
3143,treatment,14846.0,19323.0,0
3144,treatment,27651.0,30702.0,0
3145,control,13108.0,9160.0,0
3146,control,26668.0,24704.0,0
3147,treatment,12419.0,16763.0,0
3148,treatment,16576.0,16935.0,0
3149,treatment,53522.0,82554.0,0
3150,control,28510.0,37583.0,0
3151,treatment,9464.0,9506.0,0
3152,control,31417.0,33128.0,0
3153,control,6459.0,7587.0,0
3154,control,17358.0,18611.0,0
3155,control,34279.0,17175.0,0
3156,treatment,7428.0,8118.0,0
3157,control,17638.0,21339.0,0
3158,treatment,4106.0,3431.0,0
3159,treatment,14660.0,9867.0,0
3160,treatment,14934.0,12872.0,0
3161,control,44501.0,53027.0,0
3162,control,14707.0,15955.0,0
3163,treatment,9272.0,10130.0,0
3164,treatment,24424.0,31146.0,1
3165,control,10196.0,9038.0,0
3166,treatment,7243.0,5650.0,0
3167,control,21315.0,23476.0,0
3168,control,42547.0,32724.0,0
3169,treatment,43242.0,41412.0,0
3170,control,20276.0,25776.0,0
3171,control,5790.0,5641.0,0
3172,treatment,15799.0,22249.0,0
3173,treatment,25289.0,31322.0,0
3174,treatment,17634.0,8890.0,0
3175,treatment,16505.0,16198.0,0
3176,treatment,5816.0,5231.0,0
3177,control,2719.0,2522.0,0
3178,treatment,46462.0,32993.0,0
3179,control,22970.0,20072.0,0
3180,treatment,11914.0,8164.0,1
3181,control,28323.0,33461.0,0
3182,treatment,15673.0,18205.0,1
3183,treatment,16283.0,18061.0,1
3184,control,10119.0,9882.0,0
3185,treatment,35325.0,41641.0,0
3186,control,16274.0,12455.0,0
3187,control,15028.0,16295.0,0
3188,control,28183.0,37045.0,0
3189,control,18389.0,22053.0,0
3190,treatment,20855.0,17786.0,1
3191,treatment,38506.0,49370.0,0
3192,treatment,18770.0,19337.0,0
3193,control,14978.0,12629.0,0
3194,treatment,17903.0,18920.0,0
3195,control,8226.0,7073.0,0
3196,control,21269.0,27199.0,0
3197,control,9858.0,10766.0,0
3198,control,34493.0,26052.0,0
3199,control,16784.0,19824.0,0
3200,control,33663.0,45425.0,0
3201,control,6884.0,7674.0,0
3202,treatment,28558.0,23472.0,0
3203,control,10895.0,10246.0,0
3204,treatment,15993.0,16809.0,0
3205,control,9886.0,9426.0,0
3206,treatment,13224.0,13083.0,0
3207,treatment,59597.0,101706.0,0
3208,control,17344.0,12950.0,0
3209,treatment,23519.0,27439.0,0
3210,treatment,6502.0,5466.0,0
3211,treatment,9804.0,10363.0,1
3212,control,21589.0,15331.0,0
3213,control,15548.0,12283.0,0
3214,control,67069.0,52646.0,0
3215,treatment,26768.0,35299.0,1
3216,control,18205.0,18990.0,0
3217,treatment,4517.0,3985.0,1
3218,treatment,19025.0,15000.0,1
3219,control,19336.0,25396.0,0
3220,treatment,11988.0,10427.0,0
3221,control,10380.0,9882.0,0
3222,treatment,29819.0,32499.0,1
3223,treatment,54678.0,58535.0,0
3224,treatment,15960.0,23090.0,1
3225,treatment,19500.0,16226.0,1
3226,treatment,22677.0,25914.0,1
3227,treatment,19710.0,15935.0,0
3228,treatment,14376.0,15890.0,0
3229,treatment,15467.0,19685.0,1
3230,control,27660.0,35479.0,0
3231,control,11241.0,9837.0,0
3232,treatment,33627.0,45425.0,1
3233,control,19896.0,15151.0,0
3234,treatment,31472.0,29519.0,0
3235,control,24777.0,35613.0,0
3236,control,31375.0,32403.0,0
3237,treatment,81377.0,54501.0,1
3238,treatment,30558.0,20547.0,0
3239,treatment,21196.0,18585.0,0
3240,treatment,28569.0,33067.0,1
3241,control,13013.0,12215.0,0
3242,control,12770.0,10031.0,0
3243,treatment,37370.0,47052.0,0
3244,treatment,15450.0,21969.0,0
3245,control,18122.0,17582.0,0
3246,control,8303.0,8990.0,0
3247,treatment,7430.0,6781.0,1
3248,treatment,20945.0,18260.0,0
3249,treatment,6970.0,6954.0,0
3250,treatment,19842.0,21675.0,1
3251,treatment,10177.0,18174.0,1
3252,treatment,9979.0,12542.0,0
3253,control,32255.0,42164.0,0
3254,treatment,19598.0,24188.0,0
3255,control,28935.0,26188.0,0
3256,control,21584.0,23633.0,0
3257,treatment,28686.0,26683.0,0
3258,control,29047.0,44136.0,0
3259,treatment,49982.0,59456.0,0
3260,treatment,21971.0,22475.0,0
3261,treatment,9503.0,9976.0,0
3262,control,18231.0,31027.0,0
3263,treatment,13813.0,13123.0,0
3264,treatment,24804.0,27328.0,0
3265,control,31906.0,47655.0,0
3266,control,25782.0,33979.0,0
3267,treatment,36737.0,30387.0,0
3268,control,6217.0,5471.0,0
3269,control,21146.0,23934.0,0
3270,treatment,20481.0,29333.0,1
3271,treatment,50102.0,54033.0,0
3272,control,33459.0,23501.0,0
3273,treatment,25379.0,36561.0,0
3274,treatment,11853.0,14964.0,0
3275,control,9867.0,9820.0,0
3276,control,12811.0,10637.0,0
3277,control,10774.0,9471.0,0
3278,treatment,39521.0,41960.0,1
3279,treatment,26721.0,25332.0,0
3280,control,36812.0,39144.0,0
3281,control,12452.0,14078.0,0
3282,treatment,17476.0,16886.0,1
3283,treatment,16703.0,15824.0,0
3284,treatment,13760.0,11611.0,1
3285,treatment,17507.0,18773.0,0
3286,treatment,26164.0,22244.0,0
3287,treatment,37499.0,59981.0,0
3288,control,13944.0,14565.0,0
3289,treatment,13034.0,10635.0,0
3290,control,17282.0,16173.0,0
3291,control,22958.0,25424.0,0
3292,treatment,17234.0,9703.0,0
3293,control,56224.0,44251.0,0
3294,control,13001.0,15638.0,0
3295,control,9848.0,11943.0,0
3296,treatment,26826.0,25070.0,1
3297,control,33602.0,25153.0,0
3298,treatment,91550.0,70474.0,0
3299,control,15873.0,28386.0,0
3300,control,12939.0,11561.0,0
3301,control,32697.0,30742.0,0
3302,control,19127.0,14130.0,0
3303,treatment,23300.0,23038.0,0
3304,control,19350.0,14331.0,0
3305,control,41682.0,36031.0,0
3306,control,19106.0,14068.0,0
3307,treatment,41393.0,51979.0,1
3308,control,16134.0,12883.0,0
3309,treatment,13383.0,8068.0,0
3310,control,34346.0,35272.0,0
3311,control,35988.0,45211.0,0
3312,control,37603.0,38054.0,0
3313,control,24625.0,41579.0,0
3314,control,12542.0,6113.0,0
3315,control,55575.0,55518.0,0
3316,control,7255.0,7926.0,0
3317,control,7699.0,10389.0,0
3318,treatment,13132.0,10684.0,0
3319,treatment,20126.0,14105.0,0
3320,treatment,6731.0,7601.0,0
3321,control,13091.0,11855.0,0
3322,control,17545.0,21148.0,0
3323,control,54924.0,67252.0,0
3324,treatment,37104.0,47226.0,0
3325,treatment,40827.0,53261.0,0
3326,treatment,39277.0,48005.0,0
3327,treatment,29802.0,32201.0,1
3328,control,22666.0,19191.0,0
3329,treatment,11916.0,10569.0,0
3330,control,12171.0,9592.0,0
3331,control,23078.0,28145.0,0
3332,control,26600.0,22801.0,0
3333,control,3695.0,5521.0,0
3334,control,19481.0,11753.0,0
3335,treatment,18598.0,20630.0,1
3336,treatment,22069.0,18102.0,0
3337,control,32718.0,33169.0,0
3338,treatment,15412.0,16752.0,0
3339,control,15854.0,10970.0,0
3340,control,13965.0,10869.0,0
3341,treatment,28766.0,26788.0,0
3342,treatment,13111.0,8296.0,0
3343,control,69261.0,41546.0,0
3344,treatment,39510.0,52694.0,0
3345,treatment,11849.0,10282.0,0
3346,control,30607.0,27345.0,0
3347,control,24850.0,41405.0,0
3348,treatment,31327.0,38106.0,0
3349,control,5866.0,5339.0,0
3350,treatment,11359.0,13406.0,0
3351,control,10478.0,14184.0,0
3352,control,17022.0,17789.0,0
3353,treatment,20998.0,19025.0,0
3354,control,8738.0,4681.0,0
3355,control,15411.0,18688.0,0
3356,control,28403.0,33650.0,0
3357,control,12685.0,14133.0,0
3358,treatment,20536.0,18532.0,1
3359,treatment,10837.0,7622.0,0
3360,control,10307.0,11308.0,0
3361,treatment,19723.0,17831.0,1
3362,control,20698.0,22282.0,0
3363,treatment,33136.0,33212.0,1
3364,control,51865.0,36587.0,0
3365,control,24110.0,33382.0,0
3366,control,15142.0,11237.0,0
3367,treatment,22252.0,17149.0,0
3368,treatment,8701.0,14010.0,1
3369,treatment,43978.0,43937.0,1
3370,control,35151.0,40070.0,0
3371,treatment,22612.0,27448.0,0
3372,control,14395.0,20459.0,0
3373,treatment,52708.0,64666.0,1
3374,treatment,37861.0,37568.0,1
3375,treatment,8061.0,7504.0,1
3376,treatment,11011.0,10216.0,0
3377,control,24970.0,18936.0,0
3378,treatment,11094.0,10478.0,0
3379,control,37676.0,30449.0,0
3380,control,16186.0,19443.0,0
3381,control,53490.0,41597.0,0
3382,control,33653.0,27981.0,0
3383,control,63281.0,48249.0,0
3384,control,8378.0,12699.0,0
3385,control,11329.0,13190.0,0
3386,treatment,30825.0,26627.0,0
3387,treatment,24174.0,22670.0,0
3388,control,33192.0,38019.0,0
3389,control,17161.0,14661.0,0
3390,control,15218.0,21848.0,0
3391,treatment,46421.0,36958.0,0
3392,control,20547.0,17011.0,0
3393,control,20050.0,23622.0,0
3394,treatment,13005.0,10951.0,0
3395,control,21978.0,34694.0,0
3396,control,23471.0,32870.0,0
3397,control,9147.0,9464.0,0
3398,control,12826.0,15678.0,0
3399,treatment,26869.0,30932.0,1
3400,control,27294.0,21718.0,0
3401,treatment,104876.0,121939.0,0
3402,treatment,41885.0,33852.0,0
3403,treatment,24978.0,39217.0,0
3404,treatment,28842.0,20372.0,0
3405,control,8890.0,10137.0,0
3406,control,48280.0,47333.0,0
3407,control,4959.0,5598.0,0
3408,control,11191.0,14174.0,0
3409,control,19968.0,12469.0,0
3410,treatment,9438.0,8424.0,1
3411,treatment,15117.0,15247.0,0
3412,treatment,6323.0,7802.0,1
3413,treatment,15608.0,13086.0,0
3414,treatment,27532.0,21588.0,0
3415,treatment,18303.0,16023.0,0
3416,treatment,14934.0,12220.0,1
3417,treatment,19784.0,20128.0,0
3418,treatment,14066.0,18430.0,1
3419,control,20383.0,20106.0,0
3420,control,17433.0,14852.0,0
3421,control,23529.0,17210.0,0
3422,control,14163.0,15997.0,0
3423,treatment,37490.0,47389.0,0
3424,control,23421.0,28721.0,0
3425,control,23819.0,22093.0,0
3426,treatment,11528.0,11383.0,1
3427,control,8641.0,9008.0,0
3428,treatment,5929.0,5439.0,0
3429,control,8364.0,6947.0,0
3430,treatment,16890.0,17951.0,0
3431,control,13200.0,12570.0,0
3432,control,5772.0,5809.0,0
3433,treatment,10304.0,10352.0,0
3434,control,16189.0,13349.0,0
3435,control,14030.0,15985.0,0
3436,treatment,12864.0,11315.0,1
3437,control,18421.0,23206.0,0
3438,treatment,26563.0,19065.0,0
3439,treatment,91383.0,88365.0,0
3440,treatment,11512.0,16253.0,0
3441,control,9229.0,10279.0,0
3442,treatment,21910.0,19610.0,0
3443,control,14950.0,9818.0,0
3444,control,36398.0,31341.0,0
3445,control,32634.0,31931.0,0
3446,treatment,33636.0,39003.0,1
3447,control,48717.0,33571.0,0
3448,treatment,51187.0,46013.0,1
3449,control,29261.0,17332.0,0
3450,treatment,16173.0,17230.0,0
3451,control,14846.0,16022.0,0
3452,treatment,3969.0,3516.0,1
3453,control,23882.0,13375.0,0
3454,treatment,24192.0,24816.0,1
3455,treatment,23794.0,26732.0,0
3456,treatment,28376.0,21810.0,0
3457,control,11009.0,7685.0,0
3458,control,12448.0,15528.0,0
3459,control,23699.0,25670.0,0
3460,treatment,13079.0,14374.0,0
3461,control,22545.0,19693.0,0
3462,treatment,16282.0,24465.0,0
3463,control,18206.0,24525.0,0
3464,treatment,10148.0,8311.0,1
3465,treatment,19410.0,19370.0,1
3466,control,37226.0,40827.0,0
3467,control,12176.0,15854.0,0
3468,control,36281.0,41353.0,0
3469,control,12371.0,16257.0,0
3470,treatment,57002.0,49686.0,0
3471,control,10400.0,13595.0,0
3472,control,20950.0,14045.0,0
3473,control,9359.0,9663.0,0
3474,treatment,5827.0,3283.0,1
3475,control,16033.0,16174.0,0
3476,control,12694.0,13059.0,0
3477,treatment,57361.0,78298.0,1
3478,control,25808.0,29041.0,0
3479,treatment,8128.0,10884.0,0
3480,control,13011.0,11716.0,0
3481,control,35213.0,31868.0,0
3482,control,28371.0,21916.0,0
3483,treatment,8686.0,9061.0,0
3484,control,9059.0,10909.0,0
3485,control,12021.0,17645.0,0
3486,control,18348.0,20534.0,0
3487,treatment,11336.0,15822.0,0
3488,treatment,39009.0,44226.0,1
3489,control,11962.0,15546.0,0
3490,treatment,45234.0,68184.0,1
3491,control,17297.0,19544.0,0
3492,control,9310.0,12186.0,0
3493,treatment,7274.0,6278.0,1
3494,control,28034.0,32420.0,0
3495,treatment,33512.0,23141.0,0
3496,treatment,20805.0,33534.0,0
3497,control,9133.0,12343.0,0
3498,control,8149.0,11244.0,0
3499,control,10326.0,10774.0,0
3500,treatment,29081.0,39326.0,1
3501,treatment,25061.0,20583.0,1
3502,control,12865.0,15207.0,0
3503,treatment,17801.0,16187.0,1
3504,control,18921.0,15431.0,0
3505,control,85280.0,72625.0,0
3506,treatment,42323.0,35163.0,0
3507,control,17734.0,13534.0,0
3508,control,21435.0,41107.0,0
3509,treatment,3484.0,3329.0,0
3510,treatment,52625.0,47780.0,0
3511,control,25295.0,23385.0,0
3512,control,27848.0,47642.0,0
3513,control,9219.0,8646.0,0
3514,control,23373.0,29609.0,0
3515,control,23334.0,14084.0,0
3516,treatment,18665.0,14936.0,0
3517,treatment,43221.0,65364.0,1
3518,control,23697.0,17789.0,0
3519,treatment,36124.0,60968.0,0
3520,control,33967.0,40316.0,0
3521,control,23022.0,16962.0,0
3522,control,6769.0,11767.0,0
3523,treatment,12546.0,17738.0,1
3524,treatment,21136.0,24911.0,1
3525,treatment,39031.0,40128.0,0
3526,treatment,49641.0,57240.0,0
3527,treatment,20459.0,16530.0,0
3528,treatment,23430.0,23197.0,0
3529,control,6612.0,6800.0,0
3530,treatment,38437.0,41821.0,0
3531,control,12448.0,10718.0,0
3532,control,80335.0,107669.0,0
3533,control,15790.0,16718.0,0
3534,control,31503.0,33627.0,0
3535,treatment,39295.0,43502.0,1
3536,treatment,9399.0,18757.0,1
3537,control,11106.0,10079.0,0
3538,control,53838.0,54796.0,0
3539,treatment,10668.0,11115.0,1
3540,treatment,25304.0,37824.0,0
3541,control,32636.0,29091.0,0
3542,control,40986.0,48066.0,0
3543,treatment,47420.0,51015.0,0
3544,control,18956.0,25443.0,0
3545,control,10950.0,9025.0,0
3546,treatment,25009.0,40329.0,1
3547,treatment,19658.0,16545.0,0
3548,treatment,14575.0,11923.0,0
3549,treatment,16429.0,29002.0,1
3550,treatment,7687.0,7683.0,1
3551,control,9116.0,8343.0,0
3552,treatment,27210.0,25405.0,0
3553,treatment,57074.0,51230.0,0
3554,control,23838.0,19088.0,0
3555,control,27332.0,25075.0,0
3556,treatment,10905.0,7125.0,1
3557,control,13058.0,13541.0,0
3558,treatment,19279.0,18207.0,0
3559,control,25821.0,35511.0,0
3560,treatment,12511.0,8234.0,0
3561,treatment,16517.0,24777.0,0
3562,control,11244.0,10869.0,0
3563,treatment,27053.0,20811.0,1
3564,treatment,40866.0,38726.0,0
3565,control,66148.0,64347.0,0
3566,control,86775.0,99758.0,0
3567,treatment,18702.0,19221.0,0
3568,control,20708.0,19220.0,0
3569,control,15590.0,18676.0,0
3570,treatment,42986.0,64955.0,0
3571,treatment,14934.0,18038.0,0
3572,control,16527.0,19818.0,0
3573,treatment,21241.0,29751.0,1
3574,treatment,40088.0,59526.0,0
3575,treatment,6358.0,7218.0,0
3576,control,8526.0,6747.0,0
3577,control,32835.0,25185.0,0
3578,treatment,38174.0,50320.0,0
3579,control,15527.0,16606.0,0
3580,treatment,9354.0,11107.0,0
3581,treatment,7749.0,7442.0,1
3582,treatment,38273.0,21787.0,1
3583,treatment,12906.0,16368.0,0
3584,treatment,14224.0,14869.0,0
3585,control,10826.0,11547.0,0
3586,treatment,17446.0,17581.0,0
3587,treatment,15713.0,18167.0,1
3588,control,28023.0,26602.0,0
3589,treatment,10918.0,9199.0,0
3590,treatment,38052.0,35609.0,0
3591,treatment,13744.0,11501.0,0
3592,control,113936.0,89194.0,0
3593,treatment,7602.0,10912.0,0
3594,treatment,40030.0,40551.0,0
3595,treatment,28955.0,23648.0,0
3596,control,20321.0,16563.0,0
3597,treatment,15440.0,12179.0,0
3598,control,44468.0,44565.0,0
3599,treatment,42617.0,35114.0,0
3600,treatment,44199.0,48473.0,0
3601,treatment,7947.0,11657.0,1
3602,treatment,15543.0,18998.0,1
3603,control,81385.0,103557.0,0
3604,treatment,26201.0,24697.0,0
3605,treatment,19880.0,19634.0,0
3606,control,24906.0,19809.0,0
3607,treatment,11039.0,15902.0,0
3608,treatment,21488.0,25920.0,0
3609,treatment,100735.0,137646.0,0
3610,treatment,16163.0,16332.0,1
3611,treatment,112176.0,163424.0,0
3612,treatment,22424.0,21819.0,0
3613,treatment,6632.0,9647.0,0
3614,treatment,30571.0,31070.0,0
3615,control,13659.0,17343.0,0
3616,control,24215.0,24380.0,0
3617,control,12556.0,9791.0,0
3618,treatment,13098.0,17529.0,0
3619,control,23687.0,26382.0,0
3620,control,28067.0,33764.0,0
3621,control,10843.0,16121.0,0
3622,control,24932.0,37862.0,0
3623,control,56290.0,52496.0,0
3624,control,16242.0,18532.0,0
3625,treatment,21045.0,22194.0,0
3626,control,19442.0,29158.0,0
3627,control,13907.0,13062.0,0
3628,treatment,9810.0,10081.0,0
3629,treatment,36988.0,37851.0,1
3630,control,10701.0,10943.0,0
3631,treatment,13849.0,15605.0,0
3632,treatment,11739.0,11008.0,0
3633,control,12095.0,14163.0,0
3634,treatment,26994.0,22299.0,0
3635,control,18526.0,19025.0,0
3636,treatment,20261.0,11068.0,1
3637,control,11574.0,19356.0,0
3638,treatment,12660.0,16040.0,0
3639,control,17655.0,22517.0,0
3640,control,37477.0,33394.0,0
3641,treatment,26428.0,18560.0,0
3642,control,61029.0,61307.0,0
3643,treatment,25153.0,39305.0,0
3644,treatment,15571.0,16505.0,0
3645,treatment,6787.0,8874.0,0
3646,control,16196.0,12097.0,0
3647,treatment,10654.0,8659.0,1
3648,control,6161.0,7301.0,0
3649,treatment,17329.0,17494.0,1
3650,treatment,65309.0,66697.0,0
3651,treatment,16989.0,17372.0,0
3652,control,14104.0,12369.0,0
3653,treatment,13333.0,11302.0,0
3654,control,41058.0,42244.0,0
3655,treatment,47233.0,42983.0,0
3656,control,33445.0,35674.0,0
3657,treatment,26568.0,29112.0,1
3658,treatment,19494.0,25939.0,1
3659,control,13331.0,9754.0,0
3660,control,44429.0,49489.0,0
3661,control,15990.0,18622.0,0
3662,control,5627.0,8511.0,0
3663,treatment,40765.0,33703.0,1
3664,control,12911.0,10305.0,0
3665,treatment,37468.0,38236.0,1
3666,control,25118.0,32037.0,0
3667,treatment,10021.0,11863.0,1
3668,treatment,16996.0,23154.0,1
3669,treatment,17898.0,21269.0,0
3670,control,28611.0,22222.0,0
3671,treatment,65565.0,73198.0,1
3672,treatment,42218.0,47438.0,0
3673,treatment,18084.0,22718.0,0
3674,control,19616.0,24016.0,0
3675,control,18845.0,14511.0,0
3676,treatment,71032.0,68583.0,0
3677,treatment,35207.0,37097.0,1
3678,treatment,12869.0,10716.0,1
3679,treatment,17717.0,19296.0,0
3680,control,26538.0,29734.0,0
3681,control,16101.0,21716.0,0
3682,treatment,44341.0,36745.0,1
3683,treatment,10142.0,8994.0,0
3684,control,34223.0,23974.0,0
3685,control,9128.0,7204.0,0
3686,control,7068.0,5426.0,0
3687,treatment,19641.0,20479.0,0
3688,treatment,14650.0,18422.0,1
3689,control,41555.0,53062.0,0
3690,control,17249.0,18023.0,0
3691,treatment,4737.0,5642.0,0
3692,treatment,35682.0,20441.0,0
3693,treatment,44484.0,44838.0,0
3694,treatment,55761.0,32615.0,0
3695,treatment,13074.0,10311.0,0
3696,treatment,14840.0,22189.0,0
3697,treatment,30207.0,42244.0,0
3698,control,13819.0,9643.0,0
3699,treatment,39492.0,59159.0,0
3700,control,18739.0,22442.0,0
3701,control,16360.0,10255.0,0
3702,treatment,30207.0,32008.0,0
3703,control,10101.0,12454.0,0
3704,treatment,8363.0,6270.0,0
3705,treatment,41580.0,40412.0,1
3706,control,23606.0,22966.0,0
3707,control,11264.0,13462.0,0
3708,treatment,28156.0,28942.0,0
3709,treatment,30798.0,38818.0,0
3710,control,17253.0,18186.0,0
3711,treatment,10666.0,11591.0,0
3712,treatment,10429.0,7107.0,0
3713,treatment,28260.0,20051.0,1
3714,treatment,29098.0,25645.0,0
3715,treatment,15526.0,12819.0,1
3716,treatment,17573.0,20207.0,0
3717,control,29623.0,23993.0,0
3718,treatment,23567.0,23258.0,0
3719,treatment,37007.0,28393.0,0
3720,treatment,26358.0,27163.0,1
3721,control,22380.0,40005.0,0
3722,treatment,14343.0,11244.0,0
3723,treatment,12581.0,20855.0,0
3724,treatment,30605.0,39251.0,0
3725,treatment,21392.0,23304.0,0
3726,treatment,20593.0,24418.0,0
3727,control,5079.0,4914.0,0
3728,control,28321.0,33342.0,0
3729,treatment,32361.0,32310.0,0
3730,control,23173.0,22316.0,0
3731,treatment,15416.0,14003.0,1
3732,treatment,20585.0,35615.0,0
3733,control,55506.0,73157.0,0
3734,treatment,15423.0,20593.0,0
3735,control,27242.0,39460.0,0
3736,treatment,18804.0,26328.0,0
3737,treatment,52499.0,62144.0,1
3738,treatment,12308.0,22627.0,0
3739,treatment,18597.0,19986.0,0
3740,treatment,12354.0,12884.0,1
3741,treatment,32905.0,41261.0,0
3742,treatment,12376.0,9491.0,0
3743,control,32248.0,29071.0,0
3744,control,7870.0,10048.0,0
3745,treatment,37470.0,27165.0,0
3746,treatment,13383.0,12278.0,0
3747,control,9342.0,8820.0,0
3748,control,22086.0,29421.0,0
3749,treatment,10131.0,8682.0,1
3750,control,16508.0,17449.0,0
3751,control,35716.0,57486.0,0
3752,treatment,19268.0,20856.0,1
3753,control,37244.0,47149.0,0
3754,control,24438.0,24449.0,0
3755,control,29721.0,21732.0,0
3756,treatment,9345.0,10127.0,1
3757,control,5426.0,7067.0,0
3758,treatment,24775.0,26963.0,0
3759,treatment,51884.0,56997.0,1
3760,treatment,17868.0,14199.0,0
3761,control,12263.0,18506.0,0
3762,control,28079.0,22220.0,0
3763,control,49761.0,59974.0,0
3764,treatment,19645.0,21877.0,0
3765,control,102892.0,123926.0,0
3766,control,17890.0,24073.0,0
3767,treatment,53102.0,72476.0,0
3768,control,37098.0,32498.0,0
3769,treatment,9899.0,11915.0,1
3770,control,28345.0,27927.0,0
3771,control,44432.0,53444.0,0
3772,control,15474.0,34268.0,0
3773,control,28437.0,38813.0,0
3774,treatment,11090.0,10507.0,0
3775,treatment,24713.0,30074.0,0
3776,treatment,29606.0,38927.0,0
3777,treatment,13308.0,23667.0,0
3778,control,19501.0,19132.0,0
3779,control,12460.0,8072.0,0
3780,treatment,15257.0,13627.0,1
3781,treatment,19497.0,14546.0,0
3782,control,22129.0,22111.0,0
3783,treatment,53353.0,62820.0,1
3784,treatment,15241.0,13847.0,0
3785,control,15937.0,14239.0,0
3786,control,99912.0,94607.0,0
3787,control,33470.0,29577.0,0
3788,control,19736.0,14363.0,0
3789,control,38471.0,28477.0,0
3790,treatment,5003.0,5488.0,0
3791,control,26473.0,35496.0,0
3792,control,7109.0,7196.0,0
3793,control,10245.0,9181.0,0
3794,control,16178.0,14783.0,0
3795,control,16157.0,15973.0,0
3796,control,15585.0,20371.0,0
3797,treatment,44702.0,44172.0,0
3798,control,22676.0,33447.0,0
3799,control,27995.0,40338.0,0
3800,treatment,16727.0,20057.0,1
3801,control,24476.0,22180.0,0
3802,control,25348.0,32694.0,0
3803,control,29013.0,23886.0,0
3804,control,5454.0,6617.0,0
3805,control,5836.0,3685.0,0
3806,control,7321.0,7942.0,0
3807,control,28950.0,32922.0,0
3808,treatment,14622.0,10401.0,1
3809,treatment,18072.0,22819.0,0
3810,control,14335.0,12001.0,0
3811,control,11098.0,11930.0,0
3812,control,20269.0,22218.0,0
3813,treatment,32853.0,40769.0,1
3814,treatment,13054.0,12904.0,0
3815,treatment,22765.0,17934.0,0
3816,treatment,8420.0,9039.0,0
3817,treatment,9068.0,9904.0,1
3818,treatment,9290.0,7770.0,0
3819,treatment,29981.0,27866.0,0
3820,control,12999.0,12592.0,0
3821,treatment,16759.0,22091.0,0
3822,control,11753.0,12742.0,0
3823,treatment,18870.0,16098.0,0
3824,treatment,13105.0,14524.0,0
3825,control,49719.0,39697.0,0
3826,control,48566.0,58940.0,0
3827,treatment,36537.0,44092.0,0
3828,treatment,15923.0,15695.0,1
3829,treatment,15599.0,31462.0,0
3830,control,31060.0,24334.0,0
3831,control,25425.0,23578.0,0
3832,control,6285.0,5526.0,0
3833,control,33335.0,24431.0,0
3834,control,16376.0,16181.0,0
3835,treatment,24215.0,24276.0,0
3836,treatment,14955.0,16601.0,1
3837,treatment,12193.0,13318.0,1
3838,control,34478.0,42822.0,0
3839,control,53408.0,38614.0,0
3840,control,42821.0,55563.0,0
3841,treatment,10546.0,10752.0,0
3842,control,21549.0,26124.0,0
3843,treatment,6226.0,4406.0,1
3844,control,14411.0,14164.0,0
3845,control,30833.0,35126.0,0
3846,control,9079.0,8322.0,0
3847,treatment,54516.0,56478.0,1
3848,treatment,8445.0,6792.0,0
3849,control,5581.0,4324.0,0
3850,treatment,17424.0,25170.0,0
3851,treatment,20435.0,11719.0,0
3852,treatment,14398.0,15298.0,0
3853,treatment,26988.0,35306.0,0
3854,treatment,38191.0,33445.0,1
3855,treatment,35607.0,32346.0,0
3856,control,24681.0,35879.0,0
3857,control,22119.0,27515.0,0
3858,treatment,14014.0,17584.0,0
3859,treatment,16260.0,13558.0,1
3860,treatment,19380.0,22347.0,0
3861,treatment,22198.0,28439.0,1
3862,control,8486.0,8262.0,0
3863,treatment,33837.0,23361.0,1
3864,control,34539.0,30191.0,0
3865,treatment,9768.0,11209.0,1
3866,treatment,13552.0,13575.0,1
3867,treatment,60113.0,93209.0,1
3868,treatment,22861.0,12828.0,0
3869,control,18712.0,21311.0,0
3870,control,5760.0,5624.0,0
3871,treatment,15174.0,18473.0,1
3872,treatment,10978.0,9837.0,0
3873,treatment,39525.0,34123.0,0
3874,treatment,25245.0,31973.0,0
3875,treatment,22068.0,19644.0,0
3876,control,20439.0,22513.0,0
3877,control,17825.0,11057.0,0
3878,treatment,25087.0,20810.0,0
3879,control,57336.0,29815.0,0
3880,treatment,13496.0,14343.0,0
3881,treatment,26461.0,20409.0,0
3882,treatment,33555.0,30934.0,0
3883,control,18288.0,12050.0,0
3884,control,19884.0,18920.0,0
3885,treatment,22411.0,31492.0,0
3886,control,13612.0,19245.0,0
3887,control,12745.0,9081.0,0
3888,treatment,8280.0,9856.0,0
3889,treatment,8621.0,6970.0,0
3890,treatment,15809.0,18600.0,0
3891,control,18806.0,22367.0,0
3892,control,24752.0,33641.0,0
3893,treatment,38920.0,43562.0,1
3894,control,76165.0,84579.0,0
3895,treatment,43951.0,27618.0,0
3896,treatment,38997.0,57524.0,1
3897,control,25854.0,23845.0,0
3898,treatment,26535.0,33643.0,0
3899,treatment,3991.0,4153.0,0
3900,treatment,29896.0,40052.0,1
3901,control,8527.0,7681.0,0
3902,treatment,24540.0,23371.0,0
3903,treatment,24308.0,22196.0,0
3904,treatment,13586.0,12354.0,0
3905,treatment,23211.0,22203.0,1
3906,control,42643.0,40867.0,0
3907,treatment,26945.0,34641.0,0
3908,treatment,7913.0,10472.0,0
3909,control,14062.0,21721.0,0
3910,control,13465.0,11846.0,0
3911,control,16082.0,11735.0,0
3912,treatment,33580.0,45436.0,0
3913,treatment,49973.0,51364.0,0
3914,treatment,4510.0,6977.0,0
3915,treatment,33265.0,38818.0,0
3916,treatment,16993.0,15729.0,0
3917,control,24463.0,31695.0,0
3918,treatment,20857.0,25850.0,0
3919,treatment,32100.0,42378.0,1
3920,treatment,46757.0,41481.0,0
3921,treatment,5594.0,8436.0,0
3922,control,14329.0,17206.0,0
3923,treatment,8400.0,11876.0,0
3924,control,8429.0,10554.0,0
3925,control,18603.0,24932.0,0
3926,treatment,52979.0,51614.0,0
3927,treatment,12542.0,14234.0,0
3928,treatment,11918.0,7295.0,0
3929,control,17434.0,18031.0,0
3930,treatment,16665.0,14143.0,0
3931,treatment,13024.0,15117.0,0
3932,control,6158.0,6529.0,0
3933,control,7062.0,7157.0,0
3934,control,29877.0,45678.0,0
3935,treatment,7559.0,8224.0,0
3936,control,29012.0,34793.0,0
3937,control,127612.0,103875.0,0
3938,control,17636.0,12113.0,0
3939,control,11656.0,9660.0,0
3940,treatment,37485.0,55394.0,0
3941,control,26939.0,30268.0,0
3942,control,24439.0,21601.0,0
3943,treatment,18487.0,26187.0,1
3944,treatment,26433.0,20536.0,0
3945,control,60950.0,58372.0,0
3946,control,16760.0,13159.0,0
3947,treatment,28983.0,39516.0,0
3948,control,25341.0,18622.0,0
3949,treatment,17120.0,18765.0,0
3950,treatment,55058.0,50439.0,1
3951,treatment,14487.0,19303.0,1
3952,treatment,8266.0,6207.0,0
3953,control,16757.0,23418.0,0
3954,control,50287.0,52036.0,0
3955,control,32767.0,24387.0,0
3956,treatment,14008.0,19255.0,1
3957,treatment,8783.0,7504.0,0
3958,treatment,70361.0,108518.0,0
3959,treatment,16537.0,16287.0,0
3960,control,35552.0,39411.0,0
3961,control,33024.0,36624.0,0
3962,control,15007.0,19046.0,0
3963,control,19294.0,10953.0,0
3964,treatment,7030.0,7206.0,0
3965,control,73816.0,95961.0,0
3966,control,35549.0,34430.0,0
3967,control,38568.0,30004.0,0
3968,control,8696.0,7108.0,0
3969,treatment,14146.0,13775.0,1
3970,treatment,37609.0,51738.0,0
3971,treatment,67948.0,55193.0,0
3972,treatment,13045.0,9774.0,0
3973,treatment,32019.0,58752.0,1
3974,treatment,31192.0,22767.0,0
3975,treatment,21851.0,22577.0,0
3976,control,69369.0,88207.0,0
3977,treatment,26296.0,48664.0,1
3978,treatment,37792.0,41004.0,1
3979,treatment,19227.0,24523.0,1
3980,control,20292.0,13200.0,0
3981,control,35136.0,31007.0,0
3982,treatment,20792.0,34376.0,1
3983,control,9516.0,10718.0,0
3984,treatment,64546.0,63646.0,0
3985,control,36856.0,32574.0,0
3986,treatment,38560.0,53506.0,0
3987,control,3770.0,4165.0,0
3988,control,26804.0,13710.0,0
3989,control,16314.0,22985.0,0
3990,treatment,20857.0,20898.0,0
3991,control,27293.0,31597.0,0
3992,treatment,26499.0,27431.0,0
3993,control,22783.0,20537.0,0
3994,treatment,9554.0,12451.0,0
3995,control,88115.0,81551.0,0
3996,control,44973.0,32829.0,0
3997,treatment,24740.0,35289.0,0
3998,control,18561.0,9465.0,0
3999,control,15908.0,11054.0,0
4000,control,31210.0,29434.0,0
4001,control,12307.0,24525.0,0
4002,treatment,33885.0,32054.0,0
4003,treatment,11944.0,14739.0,0
4004,treatment,65875.0,52902.0,0
4005,control,40768.0,27089.0,0
4006,treatment,21831.0,21608.0,1
4007,control,48235.0,43942.0,0
4008,treatment,4943.0,5272.0,0
4009,control,42043.0,48971.0,0
4010,treatment,15649.0,41200.0,0
4011,treatment,53521.0,53747.0,0
4012,control,13054.0,16426.0,0
4013,control,17905.0,25061.0,0
4014,treatment,13341.0,16509.0,0
4015,treatment,15646.0,17290.0,0
4016,control,13834.0,11647.0,0
4017,control,21623.0,20239.0,0
4018,control,11587.0,19729.0,0
4019,treatment,35222.0,21787.0,0
4020,control,12036.0,14685.0,0
4021,treatment,8806.0,10205.0,1
4022,control,9040.0,7584.0,0
4023,control,25471.0,20602.0,0
4024,treatment,30063.0,44452.0,1
4025,treatment,31765.0,32768.0,0
4026,control,38776.0,20316.0,0
4027,treatment,35344.0,30161.0,0
4028,control,35472.0,50241.0,0
4029,control,53011.0,41881.0,0
4030,treatment,53150.0,57726.0,1
4031,control,7975.0,8623.0,0
4032,treatment,9419.0,11923.0,0
4033,control,35354.0,43457.0,0
4034,treatment,36050.0,32618.0,0
4035,treatment,17529.0,14289.0,1
4036,control,46785.0,62488.0,0
4037,control,21962.0,23815.0,0
4038,control,24428.0,30018.0,0
4039,treatment,9928.0,11496.0,0
4040,control,14101.0,15978.0,0
4041,treatment,16771.0,17253.0,0
4042,treatment,12053.0,12299.0,0
4043,control,10257.0,14754.0,0
4044,treatment,16991.0,15581.0,1
4045,treatment,13723.0,14088.0,0
4046,control,24931.0,28555.0,0
4047,treatment,12007.0,13930.0,0
4048,treatment,9881.0,13310.0,1
4049,treatment,20489.0,29160.0,1
4050,control,22134.0,25610.0,0
4051,treatment,11425.0,17400.0,0
4052,treatment,18860.0,23099.0,0
4053,treatment,93660.0,95266.0,0
4054,control,22903.0,20379.0,0
4055,control,69047.0,65186.0,0
4056,control,2573.0,2158.0,0
4057,control,26083.0,33654.0,0
4058,control,19000.0,20898.0,0
4059,treatment,34685.0,24223.0,0
4060,treatment,10842.0,8862.0,1
4061,control,14361.0,14998.0,0
4062,control,11093.0,10963.0,0
4063,control,20211.0,20631.0,0
4064,control,66277.0,109243.0,0
4065,control,8112.0,6850.0,0
4066,treatment,38092.0,38619.0,0
4067,treatment,20093.0,9649.0,1
4068,control,65018.0,52018.0,0
4069,control,5926.0,5387.0,0
4070,treatment,22462.0,49041.0,0
4071,treatment,27616.0,25918.0,1
4072,control,63175.0,93328.0,0
4073,treatment,33974.0,28383.0,0
4074,control,5291.0,4660.0,0
4075,control,5666.0,6774.0,0
4076,treatment,11695.0,8629.0,1
4077,control,22380.0,17557.0,0
4078,control,29410.0,26420.0,0
4079,control,42146.0,36151.0,0
4080,treatment,11177.0,14039.0,0
4081,control,27097.0,26065.0,0
4082,control,6292.0,5928.0,0
4083,treatment,27347.0,25556.0,0
4084,control,28452.0,22560.0,0
4085,control,31081.0,30124.0,0
4086,treatment,30928.0,29479.0,1
4087,control,14750.0,10567.0,0
4088,treatment,35346.0,39355.0,1
4089,control,15122.0,7949.0,0
4090,control,38795.0,38788.0,0
4091,treatment,33503.0,29848.0,1
4092,treatment,25558.0,27075.0,0
4093,treatment,29150.0,37122.0,0
4094,treatment,17013.0,18465.0,1
4095,treatment,24746.0,25835.0,0
4096,treatment,36566.0,35573.0,0
4097,treatment,3832.0,5550.0,0
4098,control,12730.0,15945.0,0
4099,control,7535.0,6440.0,0
4100,control,14242.0,11253.0,0
4101,treatment,22295.0,19048.0,1
4102,treatment,20977.0,17252.0,1
4103,control,11494.0,8029.0,0
4104,control,12595.0,8244.0,0
4105,control,35048.0,36195.0,0
4106,control,23920.0,28479.0,0
4107,control,22201.0,31067.0,0
4108,control,32881.0,26717.0,0
4109,treatment,23715.0,18609.0,1
4110,control,33871.0,38046.0,0
4111,control,35367.0,33479.0,0
4112,control,49027.0,54300.0,0
4113,control,25360.0,13740.0,0
4114,treatment,16580.0,14266.0,0
4115,treatment,10828.0,11798.0,1
4116,control,15919.0,16514.0,0
4117,control,36899.0,25225.0,0
4118,treatment,25955.0,48200.0,0
4119,control,5810.0,4363.0,0
4120,treatment,36087.0,49770.0,0
4121,treatment,26223.0,24546.0,0
4122,treatment,19508.0,27252.0,1
4123,control,29577.0,31975.0,0
4124,treatment,33407.0,27204.0,1
4125,treatment,8473.0,8411.0,1
4126,control,31476.0,27142.0,0
4127,control,16380.0,9168.0,0
4128,control,11474.0,10682.0,0
4129,treatment,16653.0,19436.0,1
4130,treatment,14823.0,23143.0,0
4131,control,11716.0,13919.0,0
4132,control,18224.0,15455.0,0
4133,control,17160.0,17695.0,0
4134,treatment,19245.0,26064.0,0
4135,treatment,11532.0,9670.0,1
4136,treatment,9848.0,11482.0,1
4137,control,28737.0,33032.0,0
4138,treatment,16638.0,16552.0,0
4139,control,18513.0,16127.0,0
4140,treatment,76010.0,51988.0,1
4141,control,22485.0,25259.0,0
4142,control,15335.0,11575.0,0
4143,control,32090.0,23859.0,0
4144,treatment,10971.0,11002.0,0
4145,treatment,77101.0,69298.0,1
4146,control,9076.0,9702.0,0
4147,control,17970.0,26545.0,0
4148,control,9027.0,6280.0,0
4149,control,50598.0,46610.0,0
4150,control,18218.0,20803.0,0
4151,control,11577.0,10503.0,0
4152,control,10673.0,10262.0,0
4153,control,52133.0,63482.0,0
4154,treatment,14903.0,23535.0,0
4155,treatment,28118.0,33157.0,0
4156,control,40454.0,44833.0,0
4157,treatment,27524.0,43051.0,0
4158,control,27705.0,31663.0,0
4159,treatment,12840.0,10701.0,1
4160,treatment,29830.0,27249.0,0
4161,control,15091.0,11521.0,0
4162,control,11719.0,6117.0,0
4163,control,14458.0,13985.0,0
4164,control,47616.0,46847.0,0
4165,treatment,38897.0,35716.0,0
4166,control,25856.0,31422.0,0
4167,treatment,49869.0,55694.0,0
4168,treatment,33497.0,25133.0,0
4169,control,30765.0,26438.0,0
4170,treatment,88133.0,74295.0,0
4171,control,18174.0,19683.0,0
4172,control,28245.0,30438.0,0
4173,treatment,30651.0,43969.0,0
4174,treatment,14332.0,15121.0,1
4175,control,7910.0,11090.0,0
4176,control,16254.0,9165.0,0
4177,treatment,35588.0,39323.0,0
4178,treatment,16259.0,15002.0,0
4179,treatment,8869.0,10133.0,1
4180,control,17429.0,18944.0,0
4181,treatment,31044.0,36757.0,1
4182,control,43422.0,42393.0,0
4183,control,65235.0,65128.0,0
4184,control,20335.0,15712.0,0
4185,control,14945.0,15475.0,0
4186,control,27126.0,25302.0,0
4187,treatment,23666.0,19339.0,1
4188,treatment,10848.0,14588.0,1
4189,control,17171.0,20259.0,0
4190,treatment,31783.0,35906.0,1
4191,control,19399.0,21270.0,0
4192,control,31949.0,41703.0,0
4193,treatment,31907.0,27372.0,1
4194,control,84837.0,73543.0,0
4195,treatment,33382.0,32274.0,1
4196,treatment,19034.0,23790.0,1
4197,treatment,19956.0,21792.0,1
4198,control,25035.0,19952.0,0
4199,treatment,21366.0,19404.0,0
4200,treatment,13660.0,10514.0,0
4201,control,9411.0,10358.0,0
4202,treatment,11528.0,12941.0,0
4203,treatment,42776.0,53487.0,0
4204,treatment,19533.0,9804.0,0
4205,treatment,10645.0,12010.0,0
4206,control,20301.0,15871.0,0
4207,treatment,2913.0,2440.0,0
4208,treatment,43948.0,54490.0,0
4209,control,49266.0,44357.0,0
4210,control,18597.0,18525.0,0
4211,control,7502.0,4111.0,0
4212,treatment,22748.0,35387.0,0
4213,control,21946.0,31665.0,0
4214,control,18601.0,26264.0,0
4215,control,6816.0,10105.0,0
4216,control,108831.0,137186.0,0
4217,control,8999.0,7512.0,0
4218,treatment,8286.0,14852.0,0
4219,treatment,9088.0,6793.0,1
4220,treatment,8081.0,7020.0,0
4221,control,21267.0,19270.0,0
4222,treatment,18170.0,15891.0,1
4223,control,116487.0,157511.0,0
4224,control,19194.0,14519.0,0
4225,control,10112.0,11982.0,0
4226,control,15678.0,13040.0,0
4227,treatment,54531.0,63026.0,0
4228,treatment,29370.0,44591.0,0
4229,treatment,13482.0,20953.0,0
4230,control,14684.0,15541.0,0
4231,treatment,29561.0,38730.0,1
4232,treatment,30554.0,22300.0,0
4233,treatment,28700.0,19325.0,0
4234,control,32039.0,18394.0,0
4235,control,18780.0,12151.0,0
4236,control,13250.0,12007.0,0
4237,control,17412.0,20482.0,0
4238,control,15332.0,16976.0,0
4239,treatment,37274.0,26245.0,0
4240,control,107607.0,96014.0,0
4241,control,38188.0,40944.0,0
4242,control,44218.0,45917.0,0
4243,control,20381.0,21806.0,0
4244,control,22104.0,25270.0,0
4245,treatment,29585.0,28729.0,1
4246,treatment,14542.0,21419.0,0
4247,control,28010.0,23752.0,0
4248,treatment,44216.0,48712.0,0
4249,control,10431.0,14075.0,0
4250,control,21630.0,24950.0,0
4251,control,19891.0,28194.0,0
4252,control,19713.0,11539.0,0
4253,treatment,29163.0,35906.0,0
4254,control,17494.0,20358.0,0
4255,treatment,25377.0,28950.0,0
4256,treatment,51196.0,76801.0,0
4257,control,12397.0,9175.0,0
4258,treatment,63149.0,59090.0,0
4259,treatment,17052.0,15545.0,0
4260,treatment,10227.0,15134.0,0
4261,treatment,15046.0,20526.0,0
4262,treatment,41462.0,32958.0,1
4263,control,16340.0,13344.0,0
4264,control,10088.0,9163.0,0
4265,control,16262.0,14408.0,0
4266,treatment,11926.0,9849.0,1
4267,treatment,7072.0,5974.0,0
4268,control,19055.0,16798.0,0
4269,control,32058.0,37792.0,0
4270,treatment,26371.0,36800.0,0
4271,control,15711.0,16536.0,0
4272,treatment,15596.0,15590.0,0
4273,control,5343.0,7728.0,0
4274,control,29798.0,20203.0,0
4275,treatment,11472.0,14081.0,1
4276,control,19768.0,22922.0,0
4277,treatment,21685.0,17573.0,0
4278,control,8681.0,12395.0,0
4279,control,8744.0,9557.0,0
4280,control,5972.0,5966.0,0
4281,control,14924.0,13756.0,0
4282,treatment,16865.0,15062.0,1
4283,control,25079.0,21725.0,0
4284,treatment,20560.0,22339.0,0
4285,control,34829.0,33435.0,0
4286,control,21744.0,23557.0,0
4287,treatment,50371.0,58050.0,0
4288,control,58229.0,54878.0,0
4289,treatment,22176.0,37836.0,0
4290,control,5342.0,4907.0,0
4291,control,47451.0,40984.0,0
4292,treatment,14710.0,13312.0,1
4293,control,26993.0,15465.0,0
4294,treatment,83906.0,72092.0,0
4295,control,10033.0,5694.0,0
4296,control,17776.0,18615.0,0
4297,control,70424.0,61552.0,0
4298,control,30324.0,35530.0,0
4299,control,7831.0,7033.0,0
4300,treatment,6158.0,6130.0,0
4301,treatment,4398.0,5552.0,0
4302,control,118100.0,160769.0,0
4303,control,33201.0,30478.0,0
4304,control,12933.0,13537.0,0
4305,treatment,19322.0,19277.0,0
4306,control,14865.0,11438.0,0
4307,treatment,20900.0,22891.0,0
4308,control,13174.0,10627.0,0
4309,treatment,4102.0,3799.0,0
4310,treatment,5008.0,4287.0,0
4311,treatment,15131.0,13602.0,0
4312,control,30423.0,50887.0,0
4313,treatment,9447.0,12609.0,0
4314,treatment,31385.0,31925.0,0
4315,control,31384.0,30648.0,0
4316,control,25542.0,34354.0,0
4317,treatment,6565.0,6329.0,0
4318,treatment,28232.0,35001.0,0
4319,control,17475.0,10821.0,0
4320,treatment,39461.0,40694.0,0
4321,treatment,85934.0,107848.0,1
4322,treatment,56913.0,54678.0,0
4323,treatment,6138.0,6989.0,0
4324,control,11951.0,13292.0,0
4325,control,12809.0,13671.0,0
4326,control,23722.0,26490.0,0
4327,treatment,10026.0,10105.0,0
4328,control,10247.0,11687.0,0
4329,control,36318.0,32311.0,0
4330,control,15583.0,10956.0,0
4331,treatment,13588.0,10115.0,1
4332,treatment,11423.0,13979.0,0
4333,treatment,18081.0,15012.0,1
4334,control,10449.0,8273.0,0
4335,treatment,13719.0,16966.0,0
4336,treatment,12393.0,10613.0,0
4337,treatment,10183.0,11939.0,0
4338,treatment,37528.0,44230.0,1
4339,control,33418.0,38058.0,0
4340,control,23411.0,15113.0,0
4341,treatment,26843.0,16076.0,1
4342,control,54927.0,35196.0,0
4343,treatment,22790.0,32782.0,0
4344,treatment,23589.0,16421.0,0
4345,control,23304.0,15770.0,0
4346,control,45364.0,53587.0,0
4347,control,30605.0,25945.0,0
4348,treatment,14036.0,13350.0,0
4349,control,13180.0,13302.0,0
4350,treatment,10801.0,5788.0,0
4351,control,12628.0,10282.0,0
4352,control,4891.0,3884.0,0
4353,treatment,38081.0,49569.0,1
4354,treatment,33587.0,34433.0,0
4355,control,12683.0,11987.0,0
4356,control,69409.0,79849.0,0
4357,treatment,15187.0,19386.0,1
4358,control,10189.0,14678.0,0
4359,control,54684.0,49593.0,0
4360,control,43790.0,45310.0,0
4361,treatment,10185.0,14309.0,0
4362,treatment,18522.0,26928.0,1
4363,control,14719.0,14745.0,0
4364,treatment,12729.0,9024.0,0
4365,treatment,30758.0,25533.0,0
4366,treatment,10773.0,12900.0,0
4367,treatment,26152.0,28837.0,0
4368,treatment,14963.0,11971.0,1
4369,treatment,44370.0,61100.0,1
4370,control,15522.0,12463.0,0
4371,treatment,18595.0,17633.0,0
4372,control,30467.0,27512.0,0
4373,treatment,26584.0,22511.0,1
4374,treatment,7479.0,7104.0,0
4375,treatment,24232.0,24006.0,1
4376,control,20845.0,16843.0,0
4377,control,21410.0,19923.0,0
4378,treatment,24142.0,24181.0,0
4379,control,6263.0,7004.0,0
4380,control,8465.0,10747.0,0
4381,treatment,10109.0,16582.0,1
4382,treatment,26095.0,21519.0,1
4383,control,3782.0,4737.0,0
4384,treatment,27662.0,43201.0,0
4385,control,4651.0,4395.0,0
4386,treatment,20925.0,23109.0,0
4387,treatment,30278.0,32338.0,0
4388,treatment,11155.0,18545.0,0
4389,control,11794.0,10274.0,0
4390,treatment,38126.0,29995.0,0
4391,treatment,12562.0,13113.0,0
4392,control,17733.0,28762.0,0
4393,control,47076.0,36463.0,0
4394,treatment,22846.0,28053.0,1
4395,treatment,18561.0,29954.0,1
4396,treatment,17100.0,13953.0,0
4397,treatment,30964.0,40953.0,0
4398,control,13625.0,14863.0,0
4399,control,15104.0,17114.0,0
4400,treatment,22372.0,18186.0,0
4401,control,17417.0,21497.0,0
4402,treatment,47438.0,48282.0,0
4403,control,44088.0,24827.0,0
4404,treatment,15002.0,12346.0,0
4405,control,13559.0,14983.0,0
4406,control,10796.0,10060.0,0
4407,control,11622.0,9663.0,0
4408,treatment,24999.0,24820.0,0
4409,control,14389.0,13490.0,0
4410,control,96035.0,116332.0,0
4411,treatment,6577.0,11022.0,0
4412,treatment,10662.0,9894.0,0
4413,control,9370.0,11791.0,0
4414,treatment,59354.0,72355.0,0
4415,control,17892.0,14436.0,0
4416,control,14765.0,15749.0,0
4417,control,94916.0,74894.0,0
4418,control,44937.0,39559.0,0
4419,control,12847.0,15376.0,0
4420,treatment,16942.0,13665.0,0
4421,treatment,18718.0,22926.0,1
4422,control,13194.0,10500.0,0
4423,treatment,38670.0,32835.0,0
4424,control,21729.0,28310.0,0
4425,treatment,19939.0,38545.0,1
4426,treatment,52683.0,42909.0,0
4427,treatment,31076.0,18648.0,1
4428,control,16489.0,17361.0,0
4429,control,28348.0,21811.0,0
4430,treatment,24201.0,27685.0,1
4431,treatment,20847.0,45564.0,0
4432,treatment,11655.0,10201.0,0
4433,treatment,15732.0,16571.0,0
4434,control,15991.0,20171.0,0
4435,control,31308.0,22496.0,0
4436,treatment,25311.0,29048.0,1
4437,control,19083.0,28960.0,0
4438,treatment,35963.0,43058.0,0
4439,control,12822.0,15326.0,0
4440,treatment,20124.0,15223.0,1
4441,control,14381.0,12878.0,0
4442,treatment,18308.0,26178.0,0
4443,treatment,20617.0,34530.0,0
4444,control,9752.0,13831.0,0
4445,control,25682.0,23533.0,0
4446,treatment,7594.0,6266.0,0
4447,control,29042.0,25253.0,0
4448,treatment,12461.0,9060.0,0
4449,treatment,17001.0,13482.0,0
4450,treatment,21190.0,16752.0,0
4451,control,74967.0,84104.0,0
4452,treatment,15253.0,27921.0,0
4453,treatment,37803.0,39668.0,0
4454,treatment,9323.0,11185.0,1
4455,treatment,65606.0,69771.0,0
4456,control,12011.0,16682.0,0
4457,control,73973.0,124286.0,0
4458,treatment,17438.0,21553.0,0
4459,treatment,42090.0,45602.0,0
4460,control,15423.0,10144.0,0
4461,control,31795.0,37306.0,0
4462,treatment,18024.0,20495.0,0
4463,control,5866.0,5180.0,0
4464,control,35524.0,33011.0,0
4465,control,25977.0,21563.0,0
4466,control,11673.0,13343.0,0
4467,treatment,56286.0,101406.0,1
4468,control,10240.0,5873.0,0
4469,control,17911.0,21305.0,0
4470,treatment,23476.0,15588.0,0
4471,control,15826.0,22163.0,0
4472,control,13041.0,10491.0,0
4473,treatment,32153.0,42796.0,1
4474,control,8619.0,6785.0,0
4475,treatment,15915.0,19530.0,1
4476,control,12022.0,11085.0,0
4477,control,14210.0,12436.0,0
4478,control,12639.0,9928.0,0
4479,treatment,40474.0,45139.0,0
4480,control,15725.0,19457.0,0
4481,treatment,6909.0,5609.0,0
4482,treatment,69263.0,105023.0,1
4483,control,40806.0,46595.0,0
4484,control,15785.0,12691.0,0
4485,control,18297.0,14922.0,0
4486,control,14931.0,18862.0,0
4487,treatment,7585.0,9144.0,0
4488,control,11617.0,15766.0,0
4489,control,7496.0,6080.0,0
4490,treatment,50246.0,56914.0,0
4491,control,9658.0,14026.0,0
4492,control,17397.0,29057.0,0
4493,treatment,48329.0,54387.0,1
4494,treatment,49147.0,40422.0,0
4495,treatment,14997.0,10069.0,1
4496,treatment,33585.0,59241.0,0
4497,control,32945.0,39484.0,0
4498,treatment,6383.0,6192.0,0
4499,control,10841.0,13194.0,0
4500,control,23469.0,21318.0,0
4501,control,51606.0,58450.0,0
4502,treatment,11703.0,13224.0,1
4503,control,13822.0,13518.0,0
4504,treatment,12099.0,11002.0,1
4505,treatment,4596.0,4497.0,0
4506,control,110243.0,148265.0,0
4507,treatment,10777.0,11152.0,1
4508,treatment,20042.0,14240.0,0
4509,treatment,24293.0,28427.0,0
4510,control,13845.0,12618.0,0
4511,treatment,13784.0,12699.0,0
4512,treatment,64921.0,57242.0,0
4513,treatment,31155.0,29434.0,1
4514,control,12677.0,11046.0,0
4515,treatment,6434.0,7729.0,0
4516,control,17650.0,18323.0,0
4517,treatment,16767.0,19570.0,1
4518,control,41011.0,36522.0,0
4519,control,26987.0,23208.0,0
4520,control,8182.0,7371.0,0
4521,control,17543.0,13108.0,0
4522,treatment,33731.0,51068.0,0
4523,treatment,12918.0,24571.0,0
4524,treatment,43028.0,68835.0,1
4525,control,22889.0,25331.0,0
4526,treatment,20973.0,19471.0,0
4527,treatment,21763.0,23041.0,1
4528,treatment,10243.0,8188.0,1
4529,control,9040.0,10240.0,0
4530,control,16319.0,14469.0,0
4531,control,24927.0,16447.0,0
4532,treatment,24923.0,27109.0,1
4533,control,38457.0,27833.0,0
4534,treatment,31829.0,35983.0,0
4535,control,6848.0,8824.0,0
4536,control,9830.0,10574.0,0
4537,treatment,10567.0,13146.0,0
4538,treatment,66987.0,96195.0,1
4539,treatment,19899.0,19746.0,0
4540,treatment,50350.0,101304.0,1
4541,treatment,14857.0,18793.0,0
4542,treatment,12954.0,13549.0,1
4543,treatment,8084.0,6554.0,0
4544,control,25917.0,23445.0,0
4545,treatment,27125.0,29750.0,0
4546,treatment,23368.0,24765.0,0
4547,control,28147.0,23531.0,0
4548,control,8022.0,9293.0,0
4549,treatment,57395.0,104912.0,0
4550,control,14251.0,17235.0,0
4551,control,89074.0,71337.0,0
4552,treatment,21601.0,16878.0,1
4553,treatment,24054.0,33155.0,1
4554,control,40260.0,49387.0,0
4555,control,24387.0,25434.0,0
4556,control,61853.0,47694.0,0
4557,treatment,42070.0,54554.0,0
4558,control,8425.0,9639.0,0
4559,treatment,31271.0,22827.0,1
4560,control,16152.0,18489.0,0
4561,treatment,17084.0,18366.0,0
4562,treatment,80260.0,105324.0,1
4563,control,20666.0,12393.0,0
4564,treatment,17413.0,25038.0,0
4565,control,18456.0,13819.0,0
4566,treatment,5543.0,7901.0,0
4567,control,28146.0,26180.0,0
4568,control,18221.0,11072.0,0
4569,treatment,22496.0,28674.0,0
4570,control,28940.0,36176.0,0
4571,treatment,30836.0,33191.0,1
4572,control,18939.0,24727.0,0
4573,treatment,35889.0,35893.0,0
4574,control,21264.0,24322.0,0
4575,control,37144.0,33102.0,0
4576,control,31140.0,29937.0,0
4577,treatment,29877.0,36888.0,1
4578,treatment,15377.0,20763.0,0
4579,control,34476.0,37033.0,0
4580,treatment,23152.0,18793.0,0
4581,treatment,40510.0,51557.0,1
4582,treatment,13179.0,9760.0,0
4583,control,21227.0,28257.0,0
4584,treatment,35216.0,44986.0,1
4585,control,11685.0,11141.0,0
4586,control,24592.0,19506.0,0
4587,treatment,50448.0,91999.0,0
4588,treatment,22196.0,19856.0,0
4589,control,65916.0,78905.0,0
4590,control,28103.0,36972.0,0
4591,control,49546.0,41335.0,0
4592,treatment,34721.0,39393.0,0
4593,control,12652.0,9210.0,0
4594,control,44933.0,54128.0,0
4595,control,12809.0,10511.0,0
4596,control,16636.0,21088.0,0
4597,control,11671.0,11554.0,0
4598,control,20154.0,23193.0,0
4599,treatment,35622.0,41460.0,1
4600,treatment,15082.0,16224.0,0
4601,treatment,7995.0,6026.0,0
4602,control,4337.0,3934.0,0
4603,treatment,79734.0,69938.0,1
4604,control,25611.0,20049.0,0
4605,control,19904.0,21550.0,0
4606,treatment,21473.0,36267.0,0
4607,treatment,25928.0,40843.0,0
4608,treatment,27522.0,44689.0,0
4609,control,6311.0,6607.0,0
4610,control,134535.0,191342.0,0
4611,control,2443.0,1930.0,0
4612,control,15360.0,16292.0,0
4613,control,9103.0,11524.0,0
4614,control,12492.0,7058.0,0
4615,control,26953.0,20527.0,0
4616,control,11496.0,14673.0,0
4617,control,12236.0,7628.0,0
4618,control,24662.0,29983.0,0
4619,control,8816.0,9289.0,0
4620,control,5951.0,6723.0,0
4621,control,20429.0,26125.0,0
4622,control,17184.0,23384.0,0
4623,control,17313.0,16620.0,0
4624,control,4290.0,2658.0,0
4625,treatment,37337.0,33212.0,0
4626,treatment,20334.0,17450.0,0
4627,control,10737.0,10076.0,0
4628,treatment,16688.0,14426.0,0
4629,control,9764.0,12900.0,0
4630,control,8280.0,7998.0,0
4631,treatment,28382.0,35926.0,0
4632,treatment,34910.0,23939.0,0
4633,control,12832.0,12955.0,0
4634,treatment,10799.0,13766.0,0
4635,control,40396.0,35781.0,0
4636,treatment,25969.0,27068.0,0
4637,control,17762.0,17180.0,0
4638,control,31545.0,28036.0,0
4639,treatment,22620.0,27650.0,0
4640,treatment,15062.0,17321.0,1
4641,treatment,22065.0,23196.0,1
4642,treatment,57510.0,75758.0,0
4643,control,30240.0,27596.0,0
4644,treatment,36965.0,69974.0,0
4645,control,15425.0,23543.0,0
4646,treatment,14271.0,17927.0,1
4647,control,46600.0,65124.0,0
4648,control,18847.0,15992.0,0
4649,treatment,13815.0,7441.0,0
4650,control,14916.0,12680.0,0
4651,control,9545.0,11627.0,0
4652,control,31188.0,37799.0,0
4653,treatment,23455.0,22114.0,0
4654,treatment,22026.0,16174.0,0
4655,treatment,18123.0,20844.0,0
4656,treatment,17601.0,21750.0,0
4657,treatment,11596.0,13427.0,1
4658,treatment,7793.0,11446.0,0
4659,treatment,14486.0,11452.0,1
4660,control,7989.0,10887.0,0
4661,control,19344.0,15588.0,0
4662,treatment,32397.0,22517.0,0
4663,control,9777.0,15674.0,0
4664,treatment,34507.0,38309.0,0
4665,control,15962.0,13689.0,0
4666,treatment,22992.0,27342.0,0
4667,treatment,21189.0,24389.0,0
4668,control,24985.0,27519.0,0
4669,control,20246.0,14255.0,0
4670,treatment,29316.0,38161.0,0
4671,treatment,7224.0,6196.0,0
4672,control,21560.0,22972.0,0
4673,treatment,39660.0,35853.0,0
4674,control,5100.0,5753.0,0
4675,control,28883.0,26957.0,0
4676,treatment,31327.0,40765.0,0
4677,treatment,14023.0,25762.0,0
4678,treatment,14125.0,18192.0,0
4679,treatment,46072.0,68361.0,0
4680,control,57790.0,79091.0,0
4681,control,17382.0,14495.0,0
4682,treatment,26039.0,18993.0,0
4683,control,6205.0,9861.0,0
4684,treatment,12733.0,12167.0,0
4685,treatment,11089.0,12444.0,1
4686,control,15513.0,12850.0,0
4687,treatment,65516.0,46741.0,0
4688,treatment,24547.0,20614.0,0
4689,treatment,12537.0,13263.0,0
4690,treatment,8909.0,6243.0,0
4691,control,24614.0,18601.0,0
4692,control,22500.0,34094.0,0
4693,treatment,26934.0,44906.0,0
4694,treatment,13573.0,13843.0,1
4695,control,25189.0,41004.0,0
4696,treatment,7981.0,7341.0,1
4697,control,24627.0,26234.0,0
4698,treatment,13728.0,14021.0,1
4699,control,13371.0,12598.0,0
4700,control,32974.0,26564.0,0
4701,treatment,25305.0,27158.0,0
4702,treatment,45245.0,66016.0,1
4703,control,24091.0,32624.0,0
4704,treatment,27657.0,24816.0,0
4705,control,18067.0,18816.0,0
4706,control,55773.0,60588.0,0
4707,control,27474.0,30675.0,0
4708,control,23274.0,24797.0,0
4709,control,12973.0,14568.0,0
4710,treatment,20754.0,18319.0,0
4711,treatment,33865.0,50191.0,1
4712,control,57014.0,75157.0,0
4713,control,15339.0,14654.0,0
4714,control,24390.0,26413.0,0
4715,treatment,23535.0,25123.0,0
4716,control,45683.0,41040.0,0
4717,treatment,14361.0,18009.0,0
4718,treatment,65865.0,41949.0,0
4719,control,48615.0,43324.0,0
4720,control,8771.0,14116.0,0
4721,treatment,39274.0,42517.0,0
4722,treatment,23604.0,19842.0,0
4723,treatment,57310.0,70886.0,0
4724,control,28587.0,24751.0,0
4725,treatment,2544.0,2201.0,1
4726,control,32413.0,37803.0,0
4727,control,28829.0,25263.0,0
4728,control,13162.0,10797.0,0
4729,treatment,15494.0,11564.0,1
4730,control,11169.0,13230.0,0
4731,treatment,66649.0,46326.0,1
4732,treatment,10988.0,17417.0,0
4733,control,14550.0,19988.0,0
4734,control,33427.0,35661.0,0
4735,control,10831.0,7350.0,0
4736,control,7783.0,7026.0,0
4737,control,40495.0,31332.0,0
4738,treatment,46367.0,36425.0,1
4739,control,13128.0,11644.0,0
4740,treatment,15604.0,13059.0,1
4741,control,24006.0,32671.0,0
4742,treatment,20530.0,23903.0,0
4743,control,24534.0,17178.0,0
4744,treatment,12107.0,17418.0,0
4745,control,16862.0,15755.0,0
4746,treatment,11490.0,16103.0,1
4747,treatment,51516.0,67649.0,0
4748,treatment,26337.0,37662.0,0
4749,control,8031.0,10045.0,0
4750,control,6399.0,5663.0,0
4751,treatment,16489.0,26772.0,0
4752,treatment,46900.0,62615.0,0
4753,treatment,18486.0,20170.0,0
4754,treatment,12528.0,12478.0,0
4755,treatment,20811.0,31623.0,0
4756,control,15191.0,12812.0,0
4757,treatment,14348.0,17299.0,1
4758,treatment,17677.0,21164.0,1
4759,treatment,36880.0,42237.0,0
4760,control,26780.0,29286.0,0
4761,treatment,22273.0,22718.0,1
4762,control,27377.0,33795.0,0
4763,control,45312.0,63623.0,0
4764,treatment,39536.0,36869.0,0
4765,treatment,33026.0,50163.0,0
4766,treatment,38420.0,57016.0,0
4767,control,11137.0,10121.0,0
4768,control,21387.0,12652.0,0
4769,control,36629.0,55185.0,0
4770,treatment,38419.0,43374.0,0
4771,control,14410.0,10967.0,0
4772,control,29557.0,29345.0,0
4773,treatment,59288.0,66454.0,1
4774,control,47593.0,36109.0,0
4775,control,10078.0,12016.0,0
4776,control,36239.0,44577.0,0
4777,treatment,10798.0,9051.0,0
4778,control,29266.0,27910.0,0
4779,treatment,43517.0,22929.0,0
4780,control,11708.0,11730.0,0
4781,treatment,54043.0,90408.0,0
4782,control,12982.0,9540.0,0
4783,control,55790.0,68572.0,0
4784,treatment,26439.0,31537.0,1
4785,treatment,18414.0,31107.0,1
4786,treatment,66515.0,78719.0,1
4787,treatment,21098.0,14167.0,1
4788,treatment,13454.0,15756.0,1
4789,control,52198.0,39120.0,0
4790,control,28735.0,26659.0,0
4791,treatment,7169.0,8003.0,1
4792,control,18774.0,12633.0,0
4793,treatment,12257.0,10458.0,0
4794,control,6005.0,4699.0,0
4795,treatment,18804.0,17304.0,0
4796,control,37082.0,36729.0,0
4797,control,54280.0,55100.0,0
4798,control,43226.0,31408.0,0
4799,treatment,10577.0,14823.0,1
4800,treatment,16314.0,13793.0,0
4801,treatment,32599.0,35963.0,1
4802,treatment,30327.0,32110.0,0
4803,treatment,22788.0,24722.0,1
4804,treatment,29043.0,43998.0,1
4805,treatment,10449.0,7273.0,0
4806,treatment,25355.0,24686.0,1
4807,control,31039.0,34373.0,0
4808,treatment,26245.0,25963.0,1
4809,treatment,20392.0,18926.0,1
4810,control,14270.0,11708.0,0
4811,control,19079.0,13388.0,0
4812,treatment,17462.0,15794.0,1
4813,control,26843.0,23337.0,0
4814,control,39130.0,37549.0,0
4815,control,43196.0,53209.0,0
4816,control,12783.0,15154.0,0
4817,control,17083.0,16559.0,0
4818,treatment,58065.0,82115.0,1
4819,treatment,19304.0,23237.0,1
4820,treatment,26041.0,32695.0,1
4821,treatment,43756.0,44194.0,0
4822,control,31774.0,33438.0,0
4823,treatment,26192.0,22810.0,0
4824,treatment,19399.0,33640.0,0
4825,treatment,10394.0,17193.0,0
4826,control,22968.0,21969.0,0
4827,treatment,17753.0,9074.0,0
4828,treatment,51974.0,45915.0,0
4829,treatment,7103.0,6880.0,1
4830,treatment,24129.0,27515.0,0
4831,control,20432.0,14393.0,0
4832,control,25098.0,26715.0,0
4833,control,47830.0,43321.0,0
4834,treatment,36154.0,41335.0,0
4835,treatment,13206.0,12232.0,0
4836,control,9229.0,10391.0,0
4837,treatment,11335.0,6919.0,0
4838,treatment,39823.0,32274.0,1
4839,treatment,19556.0,19999.0,0
4840,control,21335.0,14329.0,0
4841,control,15883.0,10146.0,0
4842,treatment,12504.0,13462.0,1
4843,treatment,67254.0,59194.0,0
4844,treatment,23919.0,20323.0,0
4845,treatment,10641.0,6080.0,0
4846,control,21520.0,19853.0,0
4847,treatment,11827.0,14593.0,0
4848,treatment,15453.0,14889.0,1
4849,control,30946.0,30247.0,0
4850,treatment,15419.0,18512.0,0
4851,treatment,36377.0,38946.0,0
4852,control,21084.0,23447.0,0
4853,control,9672.0,14161.0,0
4854,control,16209.0,14905.0,0
4855,control,24654.0,17089.0,0
4856,treatment,18901.0,17279.0,1
4857,treatment,16831.0,19264.0,1
4858,control,20492.0,15595.0,0
4859,control,29319.0,23171.0,0
4860,control,9349.0,7417.0,0
4861,control,8687.0,6074.0,0
4862,control,70052.0,94772.0,0
4863,control,21082.0,24162.0,0
4864,control,21733.0,27139.0,0
4865,treatment,20441.0,30397.0,0
4866,control,14343.0,9680.0,0
4867,treatment,15295.0,11776.0,0
4868,control,5421.0,6193.0,0
4869,control,19982.0,20238.0,0
4870,control,22146.0,17327.0,0
4871,treatment,63922.0,54041.0,1
4872,control,66629.0,65050.0,0
4873,control,36978.0,41935.0,0
4874,treatment,7462.0,9967.0,1
4875,treatment,44623.0,45470.0,1
4876,control,17498.0,15789.0,0
4877,treatment,25572.0,26093.0,0
4878,treatment,21586.0,12509.0,0
4879,treatment,10533.0,9018.0,0
4880,control,21956.0,19638.0,0
4881,control,22768.0,25206.0,0
4882,control,13036.0,15021.0,0
4883,control,10429.0,14301.0,0
4884,treatment,19324.0,31492.0,0
4885,treatment,15064.0,21506.0,0
4886,control,12179.0,10901.0,0
4887,control,15388.0,10740.0,0
4888,treatment,66280.0,72889.0,1
4889,control,20758.0,18416.0,0
4890,treatment,12762.0,10859.0,0
4891,control,70770.0,38221.0,0
4892,treatment,23026.0,40307.0,1
4893,control,18741.0,18748.0,0
4894,treatment,20044.0,22213.0,0
4895,control,16201.0,16253.0,0
4896,treatment,33127.0,28572.0,0
4897,treatment,22346.0,17598.0,0
4898,control,6080.0,5083.0,0
4899,treatment,60572.0,53454.0,0
4900,control,35374.0,48343.0,0
4901,treatment,16053.0,18700.0,1
4902,control,11830.0,10568.0,0
4903,control,5784.0,6010.0,0
4904,treatment,9813.0,11155.0,0
4905,treatment,32459.0,36864.0,1
4906,treatment,36618.0,40954.0,0
4907,control,9912.0,11481.0,0
4908,control,23984.0,26150.0,0
4909,treatment,30091.0,40840.0,1
4910,control,33241.0,27489.0,0
4911,treatment,12886.0,11095.0,1
4912,treatment,6984.0,9377.0,0
4913,treatment,34271.0,32368.0,0
4914,treatment,31645.0,32113.0,1
4915,treatment,40138.0,48603.0,1
4916,control,34456.0,36697.0,0
4917,treatment,11960.0,9168.0,0
4918,control,9281.0,7322.0,0
4919,control,38760.0,36365.0,0
4920,control,19697.0,21673.0,0
4921,treatment,63027.0,49608.0,0
4922,treatment,14017.0,12472.0,1
4923,treatment,39429.0,51255.0,0
4924,treatment,35773.0,33517.0,0
4925,treatment,43356.0,52875.0,0
4926,control,67901.0,54810.0,0
4927,control,8291.0,8245.0,0
4928,control,36050.0,42138.0,0
4929,treatment,17179.0,25284.0,0
4930,control,24793.0,25137.0,0
4931,control,28740.0,35378.0,0
4932,control,9427.0,12838.0,0
4933,treatment,34040.0,41699.0,1
4934,treatment,37028.0,38956.0,0
4935,treatment,14611.0,8154.0,1
4936,control,19608.0,19212.0,0
4937,treatment,10388.0,8432.0,0
4938,treatment,24298.0,14335.0,1
4939,control,21188.0,18025.0,0
4940,treatment,8768.0,13741.0,0
4941,control,38428.0,55448.0,0
4942,treatment,23728.0,31832.0,1
4943,control,27854.0,19750.0,0
4944,treatment,27745.0,25508.0,1
4945,treatment,4271.0,2413.0,0
4946,control,30023.0,31777.0,0
4947,control,17428.0,26853.0,0
4948,treatment,11437.0,11103.0,0
4949,control,6776.0,6027.0,0
4950,control,17057.0,19919.0,0
4951,control,31472.0,38953.0,0
4952,control,14925.0,13747.0,0
4953,control,39686.0,33830.0,0
4954,treatment,29070.0,32529.0,0
4955,control,36718.0,27086.0,0
4956,control,28017.0,31171.0,0
4957,control,17028.0,9984.0,0
4958,control,16758.0,13742.0,0
4959,control,37469.0,40671.0,0
4960,control,18966.0,18397.0,0
4961,treatment,17347.0,20636.0,0
4962,control,12338.0,14400.0,0
4963,control,19688.0,18621.0,0
4964,treatment,33182.0,33750.0,0
4965,control,41776.0,42294.0,0
4966,control,62427.0,57836.0,0
4967,control,6416.0,8696.0,0
4968,control,65445.0,81761.0,0
4969,treatment,18041.0,22564.0,0
4970,control,19343.0,20061.0,0
4971,control,9510.0,11975.0,0
4972,treatment,10206.0,9833.0,1
4973,control,18037.0,18590.0,0
4974,treatment,11404.0,18994.0,1
4975,treatment,3748.0,3796.0,1
4976,treatment,44943.0,51168.0,0
4977,control,16380.0,22776.0,0
4978,control,79105.0,69335.0,0
4979,control,11950.0,6899.0,0
4980,treatment,28265.0,30479.0,1
4981,control,4451.0,3935.0,0
4982,treatment,14701.0,16414.0,1
4983,control,12826.0,10820.0,0
4984,treatment,18439.0,32588.0,1
4985,control,24498.0,18685.0,0
4986,control,12611.0,11440.0,0
4987,control,12382.0,9807.0,0
4988,control,18183.0,20404.0,0
4989,control,16478.0,12742.0,0
4990,control,47866.0,49545.0,0
4991,control,38110.0,54084.0,0
4992,treatment,30926.0,32874.0,0
4993,control,6714.0,4609.0,0
4994,control,22932.0,34014.0,0
4995,control,30453.0,25456.0,0
4996,control,23642.0,24587.0,0
4997,treatment,9425.0,12383.0,0
4998,control,36975.0,23369.0,0
4999,control,16808.0,10065.0,0
5000,control,12282.0,9429.0,0
